benchmark,item,M1,M2,M3,M4,M5,M6,M7,M8,M9,M10,M11,M12
B1,0,0,1,1,1,1,1,1,1,1,1,1,1
B1,1,1,1,1,1,1,1,1,1,1,0,1,1
B1,2,0,0,0,1,1,1,0,1,1,1,1,1
B1,3,1,1,1,0,1,1,1,1,1,1,1,0
B1,4,1,1,1,1,0,1,1,1,1,0,1,0
B1,5,1,1,0,1,0,1,1,1,1,1,0,0
B1,6,0,0,1,1,1,1,1,1,1,1,0,0
B1,7,0,1,1,1,1,1,1,1,1,0,0,0
B1,8,1,1,0,1,1,1,0,1,1,1,1,0
B1,9,0,1,1,0,1,1,1,1,1,1,1,1
B1,10,1,1,1,1,1,0,1,1,1,1,1,0
B1,11,1,1,1,1,1,1,1,0,1,1,1,1
B1,12,1,1,1,1,1,1,0,1,1,1,1,0
B1,13,1,1,1,1,1,1,1,1,1,1,1,1
B1,14,1,0,1,1,1,0,1,1,1,0,1,0
B1,15,1,1,1,1,1,1,1,1,1,1,1,1
B1,16,1,1,1,1,1,1,1,1,1,1,1,1
B1,17,1,1,1,1,1,1,1,1,1,1,1,1
B1,18,1,1,1,1,1,1,1,0,0,1,1,0
B1,19,1,1,1,1,1,1,1,1,0,0,0,1
B1,20,1,0,1,0,0,1,0,1,1,0,0,0
B1,21,0,1,1,0,0,1,0,0,0,1,0,1
B1,22,0,0,0,0,0,0,0,0,0,0,0,0
B1,23,0,1,1,1,1,1,0,1,1,1,1,0
B1,24,1,1,1,1,1,1,1,1,1,1,0,1
B1,25,1,1,1,1,1,1,1,1,1,1,1,1
B1,26,1,1,1,1,1,1,1,1,1,1,1,1
B1,27,0,1,0,1,0,0,0,0,0,0,0,0
B1,28,0,0,0,0,0,0,0,0,0,0,0,0
B1,29,1,1,1,1,1,1,0,1,1,0,0,1
B1,30,0,1,1,1,1,1,1,1,1,1,1,0
B1,31,1,1,1,1,1,1,1,0,0,1,1,0
B1,32,1,1,1,1,1,1,1,1,1,0,1,1
B1,33,1,1,1,1,1,1,1,1,1,1,1,1
B1,34,1,1,1,0,1,1,1,1,1,0,1,0
B1,35,1,0,0,0,1,0,0,0,0,0,0,0
B1,36,1,1,1,1,1,1,1,1,1,1,0,1
B1,37,1,1,1,0,1,1,1,1,0,0,1,0
B1,38,0,0,1,0,1,1,0,0,0,0,0,0
B1,39,0,1,0,1,1,0,0,0,0,0,0,1
B1,40,1,1,1,1,1,1,0,1,1,1,1,1
B1,41,1,1,1,1,0,1,1,1,1,1,0,1
B1,42,1,1,1,1,1,1,1,1,1,1,1,1
B1,43,1,0,1,1,0,0,1,0,0,0,0,0
B1,44,0,0,0,1,1,1,1,1,0,0,0,0
B1,45,1,1,1,1,0,1,1,1,1,0,1,1
B1,46,0,1,1,0,1,1,1,0,0,0,1,1
B1,47,1,1,1,1,1,1,1,1,1,1,1,1
B1,48,1,1,1,1,1,1,1,1,1,1,0,1
B1,49,1,1,1,1,1,1,1,0,0,0,0,0
B1,50,1,1,1,1,1,1,1,1,1,1,1,1
B1,51,1,1,1,1,1,1,1,1,1,1,0,0
B1,52,0,0,0,0,1,0,0,0,0,1,0,0
B1,53,1,1,0,1,1,0,0,0,0,0,0,0
B1,54,0,1,1,1,1,1,0,1,1,1,1,1
B1,55,0,0,0,0,1,1,1,0,0,1,1,1
B1,56,0,1,1,1,0,0,0,0,0,0,0,0
B1,57,0,1,0,1,1,0,1,1,0,1,0,0
B1,58,1,1,1,1,0,1,1,0,1,0,0,0
B1,59,1,0,0,0,1,0,0,0,0,0,0,0
B1,60,1,1,1,1,0,1,1,0,0,0,0,0
B1,61,1,1,1,1,1,1,1,1,1,1,1,1
B1,62,1,0,1,0,1,1,1,0,0,0,1,0
B1,63,1,1,1,0,1,1,1,1,1,1,1,1
B1,64,1,1,1,1,0,0,1,1,1,0,0,0
B1,65,1,1,1,1,0,1,1,1,1,1,1,1
B1,66,1,0,0,0,1,0,1,0,1,1,0,1
B1,67,0,0,0,1,0,0,1,0,0,0,0,0
B1,68,1,1,0,1,1,0,1,1,0,1,0,0
B1,69,1,1,1,1,1,1,1,1,0,1,0,1
B1,70,0,1,1,0,0,1,0,1,0,1,0,0
B1,71,1,0,1,0,1,1,0,0,0,0,0,1
B1,72,1,1,1,1,1,1,1,1,1,1,1,1
B1,73,1,1,1,1,1,1,1,1,1,1,0,1
B1,74,1,1,1,1,1,1,1,1,0,1,1,1
B1,75,0,0,0,0,0,0,0,0,0,0,0,0
B1,76,1,1,1,1,1,1,1,1,1,1,1,1
B1,77,1,1,0,0,0,1,1,1,0,0,1,1
B1,78,1,1,0,0,1,0,0,0,0,0,0,0
B1,79,1,1,1,1,1,1,1,1,1,1,1,1
B1,80,0,0,0,0,0,0,0,0,0,0,0,1
B1,81,0,1,1,0,0,0,1,0,0,0,0,0
B1,82,1,0,1,0,1,1,1,1,1,1,0,0
B1,83,1,1,1,0,1,0,1,1,1,0,1,0
B1,84,1,1,1,1,1,1,1,1,1,1,0,1
B1,85,1,1,1,0,1,0,1,1,0,1,1,1
B1,86,1,1,1,1,1,1,1,1,0,0,1,1
B1,87,1,1,1,0,1,0,1,1,0,1,0,0
B1,88,1,1,0,1,1,1,1,1,0,0,1,1
B1,89,1,1,1,1,0,0,1,1,0,1,1,1
B1,90,0,1,1,1,1,0,0,1,0,0,1,0
B1,91,1,1,1,1,1,1,1,1,1,1,1,1
B1,92,1,1,0,1,0,1,0,1,1,1,1,1
B1,93,0,0,0,1,0,0,0,0,0,0,0,0
B1,94,0,1,0,1,1,1,0,1,0,0,0,0
B1,95,0,1,1,1,1,1,1,0,1,1,0,1
B1,96,1,1,1,0,1,0,0,1,1,0,0,1
B1,97,1,1,1,1,0,1,1,1,1,1,0,0
B1,98,1,0,1,0,1,1,1,1,1,0,1,0
B1,99,1,1,1,1,1,1,1,1,1,1,1,1
B1,100,1,0,1,1,1,1,0,0,0,1,0,0
B1,101,1,1,1,1,0,1,1,1,1,1,0,0
B1,102,1,1,1,1,1,1,1,1,1,1,1,1
B1,103,1,1,1,1,0,0,0,0,1,1,0,0
B1,104,0,0,1,0,1,0,0,1,1,1,0,0
B1,105,0,1,1,0,0,1,1,1,1,0,0,0
B1,106,1,1,1,1,1,1,1,1,1,1,1,1
B1,107,1,1,1,1,1,1,0,0,0,1,0,0
B1,108,1,1,1,1,1,1,1,0,0,0,1,0
B1,109,1,1,1,1,1,0,0,1,1,0,1,1
B1,110,0,1,1,1,1,1,1,0,0,1,1,1
B1,111,0,1,1,0,1,1,0,1,0,0,0,1
B1,112,1,1,0,0,0,0,0,1,1,0,0,0
B1,113,1,1,1,1,1,1,1,1,1,1,1,1
B1,114,1,1,1,1,0,1,1,1,0,1,1,1
B1,115,1,1,1,1,1,1,1,1,1,1,0,1
B1,116,1,1,1,1,1,0,1,1,1,1,1,1
B1,117,0,1,1,1,1,1,0,1,0,1,0,1
B1,118,1,1,1,1,1,1,0,1,1,0,0,1
B1,119,1,1,1,1,1,1,1,1,1,1,1,1
B1,120,1,1,0,1,1,1,1,0,0,0,0,1
B1,121,1,1,1,1,1,1,1,1,1,1,1,1
B1,122,1,1,1,1,0,1,1,0,1,0,1,0
B1,123,1,1,1,1,1,0,1,1,1,0,1,0
B1,124,0,0,1,1,1,1,0,1,1,0,1,0
B1,125,1,1,1,1,1,1,1,1,1,0,1,1
B1,126,1,0,0,1,0,0,1,0,0,0,0,0
B1,127,0,1,1,1,1,0,1,0,0,1,0,1
B1,128,1,1,1,1,1,1,1,1,1,1,1,1
B1,129,0,0,1,0,0,1,0,0,0,0,0,0
B1,130,1,1,1,1,0,0,1,0,1,1,1,1
B1,131,1,1,1,1,0,1,1,1,1,1,1,1
B1,132,1,1,0,1,1,0,1,1,0,1,0,0
B1,133,1,0,0,0,1,0,0,1,0,1,0,1
B1,134,1,1,1,0,0,0,0,0,0,0,0,0
B1,135,0,0,0,0,0,0,0,0,0,0,0,0
B1,136,1,1,1,1,1,1,1,1,1,1,1,1
B1,137,1,1,1,1,0,1,1,1,1,1,1,1
B1,138,1,1,0,1,1,1,1,1,1,0,1,0
B1,139,1,1,1,1,1,1,1,1,1,1,1,0
B1,140,1,1,1,1,1,1,1,0,1,1,1,1
B1,141,1,1,1,1,1,0,0,0,0,1,0,1
B1,142,1,1,1,1,0,1,1,0,0,0,0,0
B1,143,1,1,1,0,1,1,1,1,1,1,1,1
B1,144,1,1,1,1,1,1,1,1,1,1,1,1
B1,145,1,1,1,0,1,1,1,1,1,1,0,0
B1,146,1,1,1,0,1,1,1,1,1,1,0,1
B1,147,0,1,0,0,1,0,1,0,0,0,0,0
B1,148,1,1,1,0,1,0,1,1,1,1,1,1
B1,149,1,1,1,1,1,1,1,1,1,1,1,1
B1,150,1,0,0,0,0,0,0,0,0,0,0,0
B1,151,1,1,1,1,1,1,1,1,1,0,0,1
B1,152,1,1,1,1,1,1,1,1,1,0,1,1
B1,153,1,1,0,1,1,1,1,1,1,0,1,0
B1,154,0,0,1,1,1,0,1,1,1,1,0,0
B1,155,1,1,1,1,0,1,0,1,0,0,0,0
B1,156,1,1,1,1,0,1,1,0,1,0,0,0
B1,157,1,1,0,1,1,0,0,1,0,0,0,0
B1,158,1,1,1,0,1,1,0,0,0,0,1,1
B1,159,0,0,1,1,0,0,0,1,0,0,0,0
B1,160,1,1,1,1,1,1,1,1,1,1,1,1
B1,161,1,1,1,1,1,1,0,0,1,0,1,1
B1,162,1,1,1,1,1,0,1,0,1,1,1,0
B1,163,0,0,0,0,0,0,0,0,0,0,0,1
B1,164,1,1,1,1,1,1,1,1,1,1,1,1
B1,165,0,0,0,0,0,0,1,1,0,0,0,0
B1,166,1,1,0,1,1,1,0,1,0,1,0,0
B1,167,1,1,1,1,1,1,1,1,1,0,1,1
B1,168,0,1,0,1,1,0,0,1,0,1,0,0
B1,169,1,1,0,1,1,0,0,0,1,0,1,0
B1,170,1,1,0,1,0,0,0,0,1,0,0,0
B1,171,0,1,1,1,1,0,0,0,1,0,1,0
B1,172,0,1,1,1,1,1,1,1,1,0,1,1
B1,173,1,1,1,0,1,1,1,1,1,1,1,1
B1,174,1,1,1,1,1,1,1,0,0,0,1,1
B1,175,1,1,1,1,1,1,1,1,1,1,1,0
B1,176,1,1,1,1,1,0,0,1,1,1,0,0
B1,177,1,1,1,1,1,1,1,1,1,1,0,1
B1,178,1,1,1,1,1,1,1,1,1,1,1,1
B1,179,0,0,0,0,0,0,0,0,0,0,0,0
B1,180,1,1,1,1,1,1,1,1,1,1,1,1
B1,181,0,1,0,1,1,1,1,1,0,0,0,1
B1,182,1,1,1,1,0,0,1,0,0,0,1,0
B1,183,1,1,1,1,1,1,1,1,1,1,0,1
B1,184,0,1,0,1,0,1,0,0,0,0,0,0
B1,185,1,1,0,1,1,1,1,1,1,1,1,1
B1,186,1,1,1,1,1,1,1,1,1,1,1,0
B1,187,1,1,1,1,1,1,1,1,1,1,1,1
B1,188,1,1,1,1,1,1,0,1,1,1,1,1
B1,189,1,1,1,1,1,1,1,1,0,1,1,1
B1,190,1,1,1,1,1,1,0,1,0,0,0,1
B1,191,0,0,1,1,0,1,0,1,0,0,0,0
B1,192,0,1,1,1,1,1,1,0,1,1,1,1
B1,193,1,1,0,1,1,1,0,1,0,1,0,1
B1,194,1,1,1,1,1,1,1,1,1,0,1,1
B1,195,1,0,1,1,1,0,1,0,0,1,0,1
B1,196,1,1,1,0,0,0,1,1,1,0,0,1
B1,197,1,0,1,1,0,1,1,1,1,1,1,0
B1,198,1,1,1,1,1,1,0,0,0,1,1,0
B1,199,1,1,1,1,1,1,1,1,1,1,1,1
B2,0,1,1,0,1,1,1,1,1,1,0,0,1
B2,1,1,1,1,0,1,0,1,1,0,0,1,0
B2,2,1,1,1,1,1,1,1,1,1,1,1,0
B2,3,0,1,1,1,1,1,1,1,0,0,0,0
B2,4,0,1,1,1,1,1,1,1,0,1,1,1
B2,5,0,0,1,0,0,1,1,0,0,0,1,1
B2,6,1,1,0,1,0,1,1,0,1,0,0,0
B2,7,1,0,0,0,0,0,0,0,0,0,0,0
B2,8,1,1,1,1,1,1,1,0,1,1,1,1
B2,9,1,1,0,0,1,0,1,0,0,1,0,0
B2,10,1,1,1,1,1,1,1,1,1,1,1,1
B2,11,0,0,1,0,0,0,0,0,0,1,0,0
B2,12,1,1,1,1,1,1,1,1,1,1,1,1
B2,13,1,1,1,1,1,1,1,1,1,1,1,0
B2,14,0,1,1,1,1,1,1,1,0,1,1,1
B2,15,1,1,0,1,0,1,1,1,1,0,0,0
B2,16,0,0,0,1,0,1,1,0,0,0,1,0
B2,17,1,1,1,1,1,1,1,1,1,1,1,1
B2,18,1,1,1,1,1,1,1,1,1,1,1,1
B2,19,1,1,1,1,1,1,1,1,0,1,1,0
B2,20,0,1,0,0,1,0,1,1,1,1,1,0
B2,21,1,1,0,1,1,1,1,1,1,1,1,1
B2,22,1,0,0,1,0,0,0,1,0,0,0,0
B2,23,0,1,0,1,0,0,0,0,0,0,0,0
B2,24,0,0,0,0,0,0,0,0,1,0,0,0
B2,25,1,1,1,0,0,0,0,0,0,1,1,1
B2,26,0,1,1,1,0,0,1,1,0,0,0,0
B2,27,1,1,1,1,1,1,1,1,1,1,1,1
B2,28,1,0,1,1,0,0,0,0,1,0,0,1
B2,29,1,1,1,1,1,1,1,1,1,1,1,1
B2,30,1,0,1,1,1,1,0,0,1,0,0,0
B2,31,1,1,1,1,1,1,1,1,1,0,1,1
B2,32,1,0,1,1,1,1,0,1,1,1,0,1
B2,33,0,0,0,1,0,0,0,0,0,0,0,0
B2,34,1,0,1,1,0,0,0,0,0,0,0,0
B2,35,1,0,1,1,1,1,0,1,0,0,0,1
B2,36,1,1,1,1,1,1,1,1,1,1,1,1
B2,37,1,1,0,1,1,1,1,1,1,0,1,1
B2,38,1,0,1,1,1,1,0,0,1,0,1,0
B2,39,0,1,1,1,0,1,0,1,0,1,0,0
B2,40,1,0,0,1,1,1,1,1,1,1,0,0
B2,41,1,1,1,1,1,1,0,0,1,1,1,1
B2,42,0,1,0,1,1,0,0,0,0,0,0,0
B2,43,1,0,1,0,0,0,0,0,1,0,0,0
B2,44,0,0,0,1,0,0,0,0,0,0,0,1
B2,45,0,1,1,1,1,0,1,1,0,1,0,0
B2,46,1,1,1,1,1,1,1,1,0,1,0,1
B2,47,0,0,0,0,0,0,1,1,0,0,0,1
B2,48,1,1,1,1,1,0,0,1,1,1,0,0
B2,49,1,1,1,0,1,1,1,1,1,1,1,0
B2,50,1,1,1,1,1,1,0,1,1,0,1,1
B2,51,1,1,1,1,1,1,1,1,1,1,1,1
B2,52,0,0,0,1,1,1,0,0,0,0,1,0
B2,53,1,1,1,1,0,0,1,0,0,1,0,0
B2,54,0,0,0,0,1,1,1,1,1,0,1,1
B2,55,1,1,1,1,0,1,1,1,1,0,1,1
B2,56,1,1,1,1,0,1,0,0,0,1,0,0
B2,57,1,1,1,1,0,1,0,0,0,1,1,1
B2,58,1,1,1,1,1,1,1,1,1,0,0,1
B2,59,1,1,1,0,0,0,1,1,1,1,0,0
B2,60,1,1,1,1,1,1,1,1,1,1,1,1
B2,61,0,1,1,0,1,1,1,1,1,0,1,0
B2,62,1,1,1,1,1,1,1,1,1,1,1,0
B2,63,0,0,0,0,0,0,0,0,0,0,0,0
B2,64,0,0,0,0,0,0,0,0,0,0,0,0
B2,65,0,0,0,0,1,1,0,0,1,1,0,0
B2,66,1,0,0,0,1,0,0,0,0,0,0,0
B2,67,0,0,0,0,0,0,0,0,0,0,0,0
B2,68,1,1,1,0,0,1,1,1,1,0,0,0
B2,69,0,0,0,1,0,1,0,1,0,0,0,0
B2,70,0,0,0,0,0,0,1,0,0,0,0,0
B2,71,1,1,1,0,1,1,0,1,1,0,1,0
B2,72,1,1,1,1,0,1,1,1,0,1,1,1
B2,73,1,1,1,1,1,1,1,1,1,0,1,0
B2,74,0,1,0,0,0,1,0,0,0,0,0,0
B2,75,1,1,1,1,1,1,0,1,0,1,1,0
B2,76,1,1,1,1,1,1,1,1,1,1,0,0
B2,77,1,1,1,0,0,0,1,1,0,0,0,0
B2,78,0,1,1,1,1,1,1,0,1,1,1,1
B2,79,1,1,1,1,0,1,1,1,0,1,1,1
B2,80,1,1,1,1,1,1,1,1,1,1,1,1
B2,81,0,0,0,0,0,0,0,1,0,0,0,0
B2,82,1,1,1,0,1,1,1,1,1,1,1,1
B2,83,0,0,1,0,1,1,1,1,0,1,0,0
B2,84,1,1,0,1,1,0,1,0,1,1,0,1
B2,85,0,1,0,1,1,0,1,0,0,0,0,0
B2,86,1,1,0,0,0,0,0,0,1,0,0,0
B2,87,1,1,1,1,1,1,1,1,1,0,1,1
B2,88,1,0,0,1,1,1,0,0,1,0,1,0
B2,89,0,1,1,0,0,1,0,0,0,0,0,0
B2,90,1,0,0,1,1,1,0,0,1,0,0,0
B2,91,1,1,1,0,1,1,1,1,1,1,0,0
B2,92,1,1,1,1,1,1,0,1,0,0,1,0
B2,93,1,1,1,1,1,1,1,1,1,1,0,1
B2,94,0,1,1,1,1,0,1,0,1,1,0,0
B2,95,1,1,1,1,1,1,1,1,0,0,1,1
B2,96,1,0,1,1,1,0,1,1,0,1,1,1
B2,97,1,0,1,1,1,1,0,1,0,0,1,0
B2,98,0,0,1,0,1,0,1,0,0,0,0,0
B2,99,1,0,1,0,0,1,0,0,0,1,1,0
B2,100,1,1,1,1,1,1,1,1,1,0,0,0
B2,101,0,0,1,0,1,0,1,1,1,0,1,1
B2,102,0,0,0,1,1,0,0,0,0,0,0,0
B2,103,1,1,1,1,1,1,1,1,1,1,1,0
B2,104,1,1,1,1,1,1,1,1,1,1,1,1
B2,105,1,1,1,1,0,0,1,1,1,1,0,0
B2,106,1,0,1,1,1,0,1,1,1,1,1,1
B2,107,0,0,1,0,0,0,0,0,0,0,0,0
B2,108,0,1,1,1,1,1,1,1,1,1,1,0
B2,109,1,0,1,0,0,1,1,1,0,1,0,0
B2,110,1,1,1,1,1,1,0,1,1,1,0,0
B2,111,1,1,1,1,0,1,1,0,1,0,1,1
B2,112,0,1,1,1,0,1,0,1,0,1,1,1
B2,113,0,0,0,0,0,0,0,0,0,1,0,0
B2,114,1,1,1,1,1,1,1,1,1,0,1,1
B2,115,0,0,1,0,0,0,0,0,0,0,0,0
B2,116,1,0,1,0,1,0,0,1,0,0,1,0
B2,117,1,1,1,1,1,1,0,1,0,0,1,1
B2,118,1,1,1,1,1,1,1,0,1,1,0,0
B2,119,1,1,1,1,1,1,1,1,1,1,1,1
B2,120,1,1,1,1,1,1,1,1,1,1,1,1
B2,121,0,0,0,0,0,1,0,0,0,0,0,0
B2,122,1,0,1,1,0,0,1,1,1,0,0,0
B2,123,0,0,0,0,0,0,0,0,0,1,0,0
B2,124,1,1,0,1,0,0,1,0,1,0,0,1
B2,125,0,0,0,0,0,1,0,1,0,0,0,0
B2,126,0,1,1,1,1,1,1,0,1,0,0,1
B2,127,1,0,0,0,0,0,0,0,0,0,0,1
B2,128,1,1,1,1,1,1,1,1,1,1,1,1
B2,129,0,0,0,1,0,0,0,0,1,0,0,0
B2,130,1,1,1,1,1,1,1,1,1,1,1,0
B2,131,0,1,0,1,0,1,0,0,0,1,1,1
B2,132,0,1,1,1,0,1,1,1,1,0,0,1
B2,133,1,1,0,1,1,0,1,1,0,1,0,1
B2,134,1,1,1,1,1,1,1,1,1,1,0,1
B2,135,1,0,1,1,1,1,1,1,0,1,0,0
B2,136,0,1,1,1,1,1,1,0,0,1,0,0
B2,137,0,1,0,0,0,0,0,0,0,0,0,0
B2,138,1,1,1,1,1,1,0,1,1,1,0,1
B2,139,1,0,0,0,1,0,0,0,0,0,0,0
B2,140,1,1,1,1,1,1,1,1,1,1,1,1
B2,141,1,1,1,1,1,1,1,0,1,0,0,0
B2,142,1,1,1,1,1,1,1,0,0,0,0,0
B2,143,1,0,1,0,0,0,0,0,0,1,0,0
B2,144,1,1,1,1,1,1,1,1,1,0,0,0
B2,145,1,0,0,1,0,0,0,0,0,0,0,0
B2,146,0,1,0,0,1,0,1,0,1,0,0,0
B2,147,1,0,1,1,0,0,1,0,1,0,0,0
B2,148,1,1,1,1,0,1,1,0,1,0,0,0
B2,149,0,1,1,0,1,1,1,1,1,0,0,0
B2,150,1,1,1,1,0,1,1,1,1,0,1,0
B2,151,0,0,0,0,0,0,0,0,0,0,0,0
B2,152,1,1,1,1,1,1,1,1,1,1,0,1
B2,153,0,1,1,0,1,0,1,1,1,0,1,0
B2,154,0,0,1,0,0,0,1,0,0,0,0,0
B2,155,1,0,0,1,0,0,0,0,0,0,0,0
B2,156,1,1,1,1,0,1,0,1,1,1,0,1
B2,157,1,1,1,1,0,1,0,1,0,1,1,0
B2,158,0,1,1,0,0,1,0,0,0,0,1,0
B2,159,1,1,1,1,0,0,1,1,0,1,0,1
B2,160,0,1,1,1,1,1,1,1,0,0,0,0
B2,161,0,1,1,0,1,0,0,0,1,1,1,0
B2,162,0,1,1,1,0,0,0,1,1,0,0,0
B2,163,1,0,1,1,1,1,0,1,0,0,1,0
B2,164,0,0,0,1,1,1,0,0,1,0,0,0
B2,165,1,1,1,1,1,1,1,1,1,1,1,1
B2,166,1,0,1,1,1,1,1,1,1,1,1,0
B2,167,1,1,0,1,0,0,0,0,0,0,0,0
B2,168,1,1,1,0,1,1,0,0,0,1,1,1
B2,169,1,1,1,1,1,0,1,1,0,0,0,0
B2,170,1,0,0,0,0,0,0,1,0,0,0,0
B2,171,1,1,1,1,1,1,1,1,1,1,1,1
B2,172,1,1,1,1,1,1,1,1,1,1,0,1
B2,173,1,1,1,1,1,1,1,0,1,0,1,1
B2,174,1,1,1,1,1,0,0,0,0,1,0,0
B2,175,1,1,1,1,1,1,1,1,1,0,0,0
B2,176,0,0,0,0,0,0,0,0,0,0,0,0
B2,177,1,0,0,1,0,0,0,0,0,0,0,0
B2,178,1,1,1,0,0,0,0,1,0,1,1,0
B2,179,1,1,1,1,1,1,1,0,1,0,1,1
B2,180,1,1,1,1,1,1,1,1,1,1,1,1
B2,181,1,1,1,1,0,1,1,1,1,1,1,0
B2,182,1,1,1,1,1,1,1,1,0,0,0,0
B2,183,1,1,1,0,1,1,1,1,1,1,1,1
B2,184,1,1,1,1,1,1,1,0,1,0,0,1
B2,185,0,0,0,1,0,0,0,1,0,0,0,0
B2,186,1,1,1,1,1,0,1,1,1,0,1,0
B2,187,1,1,1,1,1,0,1,0,1,1,1,1
B2,188,1,1,0,1,1,1,1,0,0,1,1,0
B2,189,1,1,1,1,1,1,1,1,1,0,1,1
B2,190,0,1,1,1,1,1,0,0,1,1,0,1
B2,191,0,1,0,1,0,1,0,1,0,0,1,1
B2,192,1,1,1,1,0,1,0,1,0,0,0,0
B2,193,1,1,1,1,1,1,1,1,1,1,1,0
B2,194,0,0,0,0,0,0,0,0,0,0,0,1
B2,195,0,0,0,0,0,0,1,0,0,0,0,0
B2,196,1,0,1,1,1,1,0,1,0,1,0,0
B2,197,1,1,1,1,1,1,1,0,0,0,1,1
B2,198,1,1,1,0,0,1,1,0,1,1,0,1
B2,199,1,1,1,1,0,1,1,1,1,1,1,1
B2,200,1,1,1,0,1,0,1,0,0,0,0,0
B2,201,1,1,1,0,1,0,0,1,0,1,0,1
B2,202,1,1,1,1,1,1,1,1,1,1,1,1
B2,203,0,1,1,0,1,1,1,1,0,0,0,1
B2,204,1,1,1,1,1,1,1,1,1,0,0,1
B2,205,1,0,1,1,1,1,0,0,0,0,0,0
B2,206,0,0,1,0,1,1,1,1,1,0,1,0
B2,207,0,0,1,0,0,0,0,0,1,0,0,0
B2,208,1,1,1,1,1,1,1,1,1,1,1,1
B2,209,1,1,1,1,1,1,0,1,1,1,1,0
B2,210,0,0,1,1,0,1,0,1,0,0,0,0
B2,211,1,1,1,1,0,1,1,0,1,1,0,0
B2,212,0,0,1,1,0,0,1,1,0,1,0,0
B2,213,0,0,0,0,1,0,0,1,1,0,0,0
B2,214,1,1,1,1,1,1,1,0,1,0,0,1
B2,215,1,1,1,0,1,1,1,1,1,1,0,1
B2,216,1,1,0,1,1,1,1,1,1,1,1,1
B2,217,1,1,0,0,0,0,1,1,1,0,0,1
B2,218,0,0,0,0,0,0,1,1,0,0,0,0
B2,219,0,0,0,0,0,0,0,0,1,0,0,0
B2,220,0,0,0,0,0,0,0,0,0,0,0,0
B2,221,1,1,0,0,0,0,0,0,1,0,0,1
B2,222,1,1,0,1,1,1,0,0,1,1,0,0
B2,223,1,0,1,0,0,0,0,0,0,0,0,0
B2,224,1,1,0,0,1,1,0,1,1,1,0,1
B2,225,1,1,1,1,1,1,0,1,1,1,0,1
B2,226,1,0,1,1,1,1,1,1,1,0,1,0
B2,227,1,0,0,1,0,0,0,0,0,0,0,0
B2,228,1,1,0,1,1,0,1,1,1,0,0,1
B2,229,1,1,0,1,1,1,1,1,1,1,0,1
B2,230,1,1,0,1,1,1,1,1,0,0,1,0
B2,231,0,1,1,1,0,0,0,0,1,0,0,0
B2,232,1,0,0,0,0,0,0,0,0,0,1,0
B2,233,1,1,1,1,1,0,1,1,0,0,1,0
B2,234,1,1,1,1,1,1,1,1,1,1,1,0
B2,235,1,0,1,1,1,1,0,1,1,1,0,1
B2,236,1,1,1,1,1,1,1,1,1,0,0,1
B2,237,0,0,0,0,0,0,0,0,0,0,0,0
B2,238,0,1,0,0,0,0,0,1,0,0,0,0
B2,239,0,1,1,1,1,1,0,1,0,0,1,1
B2,240,1,1,1,1,0,1,0,1,1,1,1,1
B2,241,1,1,1,1,1,1,0,1,1,0,1,1
B2,242,0,1,0,1,1,1,1,1,1,0,1,0
B2,243,1,1,1,0,0,1,1,0,0,0,0,1
B2,244,1,0,1,1,0,0,0,0,0,0,0,0
B2,245,1,1,0,1,1,1,1,1,1,1,0,0
B2,246,0,1,1,0,1,1,0,1,1,0,0,0
B2,247,1,0,0,0,0,0,0,0,0,1,0,0
B2,248,1,1,1,0,1,0,1,1,1,0,1,0
B2,249,1,0,0,1,1,1,0,0,1,0,0,0
B3,0,1,0,1,1,1,1,1,1,1,0,0,0
B3,1,1,1,0,0,0,1,1,1,1,1,1,0
B3,2,0,0,1,1,1,0,1,1,0,0,0,0
B3,3,1,1,1,1,0,1,1,1,1,1,1,1
B3,4,1,1,1,0,1,1,1,1,1,1,0,0
B3,5,0,0,0,0,0,0,0,0,0,0,0,0
B3,6,0,1,1,1,0,1,1,1,1,1,1,0
B3,7,1,1,1,1,1,1,1,0,0,0,1,0
B3,8,0,0,0,0,0,1,0,0,0,1,0,0
B3,9,1,1,1,0,0,0,0,0,0,0,0,0
B3,10,1,0,0,1,1,1,0,1,0,0,0,1
B3,11,0,1,1,1,1,1,1,1,1,1,0,1
B3,12,1,1,1,1,1,1,1,0,1,1,1,0
B3,13,0,1,1,1,1,1,1,1,1,1,1,1
B3,14,1,1,1,0,1,1,1,0,1,1,1,1
B3,15,1,1,1,1,0,1,0,0,0,0,0,0
B3,16,1,0,1,0,0,0,0,0,0,1,0,0
B3,17,0,0,0,0,1,1,0,1,0,0,0,0
B3,18,0,1,1,0,1,0,0,0,0,1,0,0
B3,19,1,0,0,0,0,0,1,0,0,1,0,0
B3,20,0,1,0,1,1,1,0,0,0,0,1,0
B3,21,1,1,1,0,1,1,1,1,1,1,1,0
B3,22,1,0,1,1,1,0,1,1,1,1,0,0
B3,23,1,1,1,1,0,1,0,1,1,1,1,1
B3,24,1,1,1,1,1,1,1,1,1,1,1,1
B3,25,1,1,1,0,1,1,0,1,1,1,1,0
B3,26,0,1,1,1,1,1,0,1,0,0,0,0
B3,27,1,1,1,1,1,1,0,1,1,0,1,1
B3,28,1,1,1,1,1,1,1,1,0,1,1,0
B3,29,1,1,1,1,0,1,0,1,1,0,0,1
B3,30,1,1,1,1,1,0,1,1,1,1,1,0
B3,31,0,0,0,1,1,0,0,0,1,1,0,0
B3,32,1,1,1,1,1,1,1,1,1,1,1,1
B3,33,1,1,1,1,1,1,0,1,1,1,1,1
B3,34,0,1,1,1,1,1,0,1,0,0,0,0
B3,35,1,1,1,1,1,1,1,1,1,1,1,1
B3,36,1,1,1,1,1,0,1,0,0,0,0,0
B3,37,1,1,1,1,1,1,1,0,1,1,0,1
B3,38,1,1,1,1,1,1,1,1,0,1,0,1
B3,39,0,1,0,1,0,0,0,1,1,1,0,1
B3,40,1,1,1,1,1,1,1,0,1,1,0,0
B3,41,1,1,1,1,1,1,1,0,1,1,1,1
B3,42,1,1,0,1,0,1,1,0,1,1,1,0
B3,43,1,1,1,1,1,1,1,1,1,1,1,1
B3,44,0,0,1,0,0,0,0,0,0,0,0,0
B3,45,1,1,1,1,1,1,1,1,1,1,1,1
B3,46,1,1,1,0,1,1,1,1,1,1,1,0
B3,47,0,1,1,0,1,0,1,1,0,0,0,0
B3,48,1,1,1,1,1,1,1,1,1,1,1,1
B3,49,0,0,1,0,1,0,0,0,0,1,0,0
B3,50,1,1,1,1,1,1,0,1,1,0,0,1
B3,51,1,1,1,1,1,1,1,1,1,1,1,1
B3,52,1,1,1,1,1,0,1,1,1,1,0,1
B3,53,0,0,0,1,0,0,0,1,0,1,0,0
B3,54,1,1,1,0,1,1,1,1,1,1,0,1
B3,55,1,1,1,0,0,0,0,0,0,1,0,1
B3,56,1,0,1,1,1,1,0,0,0,0,0,0
B3,57,1,0,0,1,0,0,1,0,0,1,0,0
B3,58,1,0,1,1,0,0,0,0,1,0,0,0
B3,59,1,1,0,1,1,0,0,1,0,0,0,0
B3,60,1,0,1,0,1,0,1,0,0,0,0,1
B3,61,0,1,1,1,1,1,1,1,1,1,1,0
B3,62,1,0,0,1,1,1,0,1,1,1,1,1
B3,63,1,1,1,1,1,0,1,0,0,0,1,0
B3,64,0,1,0,0,0,1,1,0,0,0,0,0
B3,65,1,1,1,0,1,1,0,1,1,1,0,0
B3,66,1,1,1,1,1,1,1,1,1,0,0,0
B3,67,1,0,1,0,1,1,1,0,1,0,0,1
B3,68,1,0,1,1,1,1,0,1,1,1,0,1
B3,69,0,0,0,1,0,0,1,0,1,1,0,1
B3,70,1,1,1,1,1,1,0,1,1,1,1,0
B3,71,1,1,1,0,1,1,0,0,1,1,0,0
B3,72,0,1,1,0,1,1,0,1,1,0,0,1
B3,73,1,1,1,1,1,1,1,1,1,1,1,1
B3,74,0,1,1,0,0,1,0,1,1,1,0,0
B3,75,1,1,1,1,1,1,1,1,1,1,1,1
B3,76,1,1,1,1,1,1,1,1,1,1,1,1
B3,77,1,1,1,1,1,1,0,1,0,0,1,1
B3,78,1,1,1,1,1,1,1,1,1,1,1,1
B3,79,0,1,1,1,1,1,1,0,0,0,0,0
B3,80,1,1,1,1,0,1,0,1,1,1,0,0
B3,81,1,0,1,0,0,1,1,1,0,0,1,0
B3,82,1,1,1,1,1,1,1,1,0,1,1,1
B3,83,1,0,1,1,1,0,0,1,0,0,1,1
B3,84,1,1,1,1,1,1,1,1,0,0,1,0
B3,85,1,0,1,0,1,1,1,0,0,1,0,1
B3,86,1,1,1,1,1,1,1,1,1,1,0,1
B3,87,1,1,1,1,1,1,1,1,1,1,1,1
B3,88,0,0,0,1,1,0,1,1,0,1,0,0
B3,89,1,1,1,1,1,1,1,1,1,1,1,1
B3,90,1,1,1,1,1,1,1,1,1,1,1,1
B3,91,1,1,1,1,1,0,1,1,1,0,0,1
B3,92,1,1,1,1,1,1,0,1,1,1,1,1
B3,93,1,1,1,1,1,1,1,1,1,1,1,1
B3,94,1,1,1,1,0,1,0,0,0,0,0,0
B3,95,0,1,1,0,0,0,1,0,0,0,0,0
B3,96,0,1,0,0,0,1,0,0,1,1,1,0
B3,97,1,1,0,1,0,1,0,1,0,1,0,0
B3,98,1,1,1,1,1,1,1,1,1,1,0,1
B3,99,1,1,1,1,1,1,1,0,1,1,0,1
B3,100,0,1,1,1,0,1,0,1,0,1,1,1
B3,101,1,0,0,1,1,0,0,0,1,0,0,0
B3,102,1,1,1,1,0,1,1,1,0,0,0,0
B3,103,1,1,1,1,1,0,1,0,1,0,0,1
B3,104,1,1,1,0,0,0,1,0,0,0,0,0
B3,105,0,0,1,0,1,1,1,0,0,1,1,0
B3,106,0,0,0,1,0,1,1,0,1,0,1,0
B3,107,1,1,1,1,0,1,1,1,1,0,1,1
B3,108,1,0,0,0,0,0,1,0,1,0,0,0
B3,109,1,1,1,1,1,1,1,1,1,1,1,1
B3,110,1,1,0,1,1,1,0,1,1,1,1,1
B3,111,1,1,1,1,1,0,1,0,0,1,1,1
B3,112,1,1,1,1,1,1,1,1,0,1,1,0
B3,113,0,1,0,0,0,0,0,0,0,0,0,0
B3,114,1,1,1,1,1,1,1,0,1,1,1,1
B3,115,0,1,0,1,1,1,0,1,1,1,0,0
B3,116,1,1,1,1,1,1,1,1,0,0,1,1
B3,117,1,1,1,1,1,1,1,1,1,1,1,1
B3,118,1,1,1,1,1,1,1,1,1,1,1,0
B3,119,1,1,1,1,1,0,1,1,1,1,1,1
B3,120,0,1,1,1,1,1,1,0,1,0,1,0
B3,121,1,1,1,1,1,1,1,0,1,1,1,1
B3,122,0,0,0,0,0,0,0,0,1,0,1,0
B3,123,1,0,1,1,1,0,1,1,1,0,1,1
B3,124,1,1,1,1,1,0,0,1,1,0,1,1
B3,125,0,1,0,0,0,1,0,1,0,1,0,1
B3,126,1,1,1,1,1,1,0,0,0,0,1,1
B3,127,1,1,0,1,1,1,1,1,0,1,1,0
B3,128,1,1,0,1,0,0,1,0,0,1,0,1
B3,129,1,1,1,1,1,1,1,1,1,0,0,1
B3,130,1,0,0,0,0,0,0,0,0,0,1,1
B3,131,1,1,1,1,1,0,0,1,0,1,0,0
B3,132,1,1,0,1,0,0,1,1,0,0,0,0
B3,133,1,0,0,0,0,0,0,1,0,0,0,0
B3,134,1,1,1,1,0,0,0,1,0,0,1,0
B3,135,1,1,1,1,0,1,1,0,1,1,1,1
B3,136,1,1,1,1,0,1,1,0,1,1,1,1
B3,137,1,0,0,0,0,1,0,1,1,1,0,0
B3,138,0,1,1,1,1,1,1,1,1,0,0,0
B3,139,1,1,0,1,1,0,0,1,0,1,0,1
B3,140,1,1,1,1,0,0,0,1,1,0,0,0
B3,141,1,1,1,1,1,1,1,1,1,1,1,0
B3,142,1,0,1,1,1,1,1,1,0,1,1,0
B3,143,1,0,1,1,0,1,1,0,0,0,0,0
B3,144,1,0,0,1,1,1,0,1,1,0,1,0
B3,145,1,1,0,0,1,0,1,0,1,0,1,0
B3,146,0,1,1,1,1,1,1,0,1,1,0,1
B3,147,1,1,1,1,0,0,0,0,0,1,0,0
B3,148,1,0,1,1,1,0,1,0,0,1,0,0
B3,149,1,1,1,0,1,1,1,1,1,0,0,1
B3,150,1,1,1,1,1,1,0,1,1,1,1,1
B3,151,1,1,0,1,0,0,0,1,0,1,0,0
B3,152,1,1,1,0,1,0,1,1,0,1,1,0
B3,153,1,1,1,0,1,1,1,0,0,0,0,0
B3,154,0,1,1,1,0,0,1,0,1,0,1,1
B3,155,1,0,1,1,0,0,1,1,0,1,0,1
B3,156,1,1,1,1,0,0,1,1,1,1,0,0
B3,157,1,1,1,0,1,1,1,1,1,0,1,1
B3,158,0,1,1,1,0,0,0,1,1,0,1,0
B3,159,1,1,1,1,1,1,0,1,1,1,0,1
B3,160,1,0,1,1,1,1,0,1,0,0,0,0
B3,161,0,0,0,0,0,0,0,0,0,0,0,1
B3,162,1,0,0,0,0,0,1,0,0,0,0,0
B3,163,1,1,1,0,0,0,0,1,1,1,1,1
B3,164,1,1,1,1,1,1,1,1,1,1,0,1
B3,165,1,0,1,1,1,1,1,1,0,1,1,1
B3,166,0,0,1,1,1,1,0,1,0,0,0,1
B3,167,1,1,1,1,1,1,1,1,1,1,1,0
B3,168,1,1,1,1,1,0,1,1,1,1,1,0
B3,169,1,1,1,1,1,1,0,1,1,0,1,1
B3,170,1,0,0,0,0,0,0,0,0,0,0,0
B3,171,1,1,1,1,1,1,1,1,1,1,1,1
B3,172,1,1,1,1,1,1,1,1,1,1,1,1
B3,173,0,1,1,1,0,1,1,1,1,0,0,1
B3,174,1,1,0,1,1,1,0,0,1,0,0,1
B3,175,1,1,1,1,0,1,1,1,1,1,0,0
B3,176,0,1,0,0,1,0,0,0,1,1,0,0
B3,177,0,0,1,1,1,1,0,0,0,1,0,0
B3,178,1,0,1,1,1,1,1,1,0,1,1,0
B3,179,1,0,1,0,1,0,1,1,0,1,0,1
B3,180,0,1,1,1,0,1,0,0,0,0,1,1
B3,181,1,1,0,1,1,1,0,1,0,0,0,1
B3,182,1,1,1,1,1,1,1,1,1,1,1,1
B3,183,1,1,1,1,0,1,1,0,1,1,1,1
B3,184,1,1,1,0,1,1,1,1,1,1,1,1
B3,185,0,0,1,0,0,0,1,0,0,0,0,0
B3,186,1,0,0,1,0,0,0,0,1,0,0,0
B3,187,0,1,0,0,0,0,0,0,1,1,0,0
B3,188,1,1,1,1,1,1,1,1,1,1,1,1
B3,189,1,1,1,1,1,1,1,1,1,1,1,1
B3,190,0,0,0,1,1,0,1,1,1,1,0,0
B3,191,1,1,1,1,0,1,0,1,1,1,0,1
B3,192,1,1,1,1,1,0,1,0,0,0,0,0
B3,193,0,1,1,1,0,1,0,1,0,1,0,1
B3,194,1,1,1,1,1,1,1,1,1,1,1,1
B3,195,1,1,1,1,1,1,1,1,1,1,1,1
B3,196,1,1,1,1,1,1,0,0,1,0,0,0
B3,197,0,1,1,1,1,1,1,1,1,0,0,1
B3,198,1,1,1,1,0,0,1,0,1,1,1,1
B3,199,1,0,1,0,1,0,1,0,0,0,0,0
B3,200,0,1,0,1,1,1,0,0,1,1,1,1
B3,201,0,1,1,1,1,1,1,1,0,1,1,0
B3,202,1,1,1,1,1,0,1,1,1,0,1,1
B3,203,1,1,1,1,1,1,1,1,1,0,0,0
B3,204,1,1,1,0,0,1,0,0,1,0,0,1
B3,205,1,1,1,1,1,1,1,1,1,1,0,1
B3,206,1,1,1,0,1,0,0,0,0,0,0,0
B3,207,1,1,1,1,0,0,1,1,0,0,1,1
B3,208,1,1,1,1,0,1,1,0,1,1,1,1
B3,209,1,1,1,1,1,1,1,1,1,0,1,1
B3,210,1,0,1,1,0,0,1,0,0,0,0,0
B3,211,1,1,1,1,1,1,1,1,1,1,1,1
B3,212,1,1,1,1,1,1,1,1,1,1,1,1
B3,213,1,1,0,1,0,0,1,0,1,0,1,0
B3,214,1,1,1,1,1,0,1,0,1,1,1,0
B3,215,1,0,1,0,0,0,0,0,0,0,1,0
B3,216,1,1,1,1,1,1,1,1,1,1,1,0
B3,217,1,1,1,1,0,1,1,1,1,1,0,1
B3,218,1,1,1,1,0,1,1,1,1,1,0,0
B3,219,1,1,1,1,1,1,0,1,0,0,1,1
B3,220,1,1,0,1,1,0,1,1,1,0,1,1
B3,221,1,1,1,1,1,1,1,1,1,0,0,1
B3,222,1,1,1,0,1,1,1,0,1,1,0,0
B3,223,0,0,0,1,0,0,1,1,0,0,0,0
B3,224,1,0,1,1,0,0,1,1,0,0,0,0
B3,225,1,1,1,1,1,1,1,1,1,1,0,0
B3,226,0,0,0,0,0,1,1,0,0,0,0,0
B3,227,1,1,1,0,0,0,1,1,1,0,0,0
B3,228,1,1,0,1,1,0,0,1,1,1,0,0
B3,229,1,1,1,1,1,1,1,1,0,0,0,1
B3,230,0,0,0,0,0,0,0,0,0,1,0,0
B3,231,0,0,0,1,0,1,0,0,1,1,0,0
B3,232,1,1,1,1,1,1,1,1,1,1,1,1
B3,233,1,1,1,1,1,1,1,1,1,1,1,1
B3,234,0,1,1,1,1,1,1,1,1,1,1,1
B3,235,1,0,1,1,1,1,1,1,0,0,1,0
B3,236,1,1,1,1,1,1,1,1,1,1,0,1
B3,237,1,0,0,0,0,0,0,0,0,0,0,0
B3,238,0,1,1,0,1,1,0,0,0,1,0,0
B3,239,1,1,0,0,1,1,1,1,0,1,1,0
B3,240,1,1,1,0,0,1,0,1,0,0,0,1
B3,241,1,1,1,1,1,0,0,0,1,1,1,0
B3,242,0,0,0,0,1,1,1,1,1,0,0,0
B3,243,1,1,1,1,1,1,1,0,0,0,1,0
B3,244,1,1,1,1,1,1,1,0,1,0,0,1
B3,245,1,1,1,0,1,0,0,0,0,1,1,0
B3,246,0,0,1,0,0,1,0,1,0,0,0,0
B3,247,1,1,1,1,1,1,1,1,1,1,1,1
B3,248,1,0,1,1,0,0,0,1,0,0,0,1
B3,249,1,1,1,1,1,0,1,1,1,1,1,1
B3,250,1,1,1,1,1,1,1,1,1,1,1,1
B3,251,1,1,0,1,0,0,0,0,1,1,1,1
B3,252,1,0,1,1,1,0,1,0,1,1,0,0
B3,253,1,1,0,1,1,1,0,1,0,1,1,0
B3,254,1,0,1,1,1,0,1,1,1,1,1,1
B3,255,1,1,1,1,0,1,0,0,1,1,0,0
B3,256,1,0,0,0,0,0,1,1,0,0,0,0
B3,257,1,0,0,0,0,0,0,1,0,1,0,0
B3,258,1,1,1,1,1,1,1,1,1,1,1,0
B3,259,1,0,1,1,1,1,1,1,1,1,0,1
B3,260,1,0,1,1,1,0,1,0,1,1,0,0
B3,261,1,1,1,0,1,1,1,1,1,1,0,1
B3,262,1,0,1,1,0,1,0,1,0,0,0,0
B3,263,0,1,1,1,1,0,1,0,1,0,0,0
B3,264,1,1,1,1,0,1,1,1,1,1,1,1
B3,265,0,1,1,0,1,1,1,1,1,1,0,1
B3,266,1,1,1,1,1,1,1,1,1,1,1,1
B3,267,1,0,0,1,1,0,0,0,0,1,0,0
B3,268,0,0,1,1,1,1,0,0,1,1,1,0
B3,269,1,1,1,1,1,1,1,1,1,1,1,1
B3,270,0,1,1,1,1,1,1,1,0,0,1,1
B3,271,1,1,1,1,1,0,1,1,0,1,0,1
B3,272,1,0,1,1,1,1,0,1,0,1,1,0
B3,273,1,1,1,1,1,1,1,1,1,1,1,0
B3,274,1,1,1,1,1,0,0,1,1,1,0,0
B3,275,1,1,1,1,1,0,1,1,0,1,0,0
B3,276,1,1,1,1,1,1,1,1,0,1,1,1
B3,277,0,1,1,1,1,0,1,0,0,0,1,0
B3,278,0,0,1,0,0,0,1,0,1,1,1,0
B3,279,1,0,0,0,1,0,0,0,0,0,0,0
B3,280,1,1,0,1,1,1,1,0,1,0,0,0
B3,281,1,1,1,1,0,1,0,0,1,0,1,0
B3,282,1,1,0,1,1,1,0,1,0,0,0,1
B3,283,1,1,1,0,1,1,1,1,0,1,1,1
B3,284,1,0,1,0,0,1,1,0,0,0,0,1
B3,285,1,0,1,1,1,0,1,1,1,1,1,1
B3,286,1,0,0,0,0,0,0,0,0,0,0,0
B3,287,1,1,1,1,1,1,1,1,1,1,1,1
B3,288,1,1,1,1,1,1,1,0,0,1,1,1
B3,289,1,1,1,1,1,1,1,1,1,0,1,0
B3,290,1,1,1,1,1,1,1,1,0,1,0,1
B3,291,0,0,0,0,1,0,0,0,0,0,1,1
B3,292,1,1,0,1,1,1,0,1,0,0,1,1
B3,293,1,1,1,1,1,1,1,1,1,1,1,1
B3,294,1,1,0,0,1,0,1,1,0,1,0,1
B3,295,1,1,0,0,1,0,0,1,0,0,0,0
B3,296,1,1,1,1,1,1,1,1,1,1,1,1
B3,297,0,1,0,1,0,1,1,1,0,0,0,0
B3,298,1,0,0,0,0,0,0,0,1,0,0,0
B3,299,1,1,1,0,1,1,1,1,1,1,1,1
B3,300,1,1,1,1,0,1,0,1,1,1,0,1
B3,301,0,0,0,0,0,0,0,0,0,0,0,0
B3,302,0,0,0,1,0,0,1,0,0,0,0,0
B3,303,1,1,0,1,0,0,0,1,0,0,0,1
B3,304,1,0,1,0,1,1,1,1,1,1,1,1
B3,305,1,1,1,1,1,1,1,1,1,1,1,0
B3,306,1,1,1,1,1,1,1,0,1,0,1,1
B3,307,0,0,0,1,1,0,0,0,0,0,0,0
B3,308,0,1,1,1,1,1,1,1,1,1,1,1
B3,309,1,1,1,1,1,1,1,1,1,0,1,0
B3,310,1,0,0,1,1,0,0,1,0,0,0,0
B3,311,0,1,1,0,0,1,0,1,0,0,0,0
B3,312,1,1,1,1,1,1,1,1,1,0,1,1
B3,313,0,1,0,1,1,1,0,1,1,1,1,0
B3,314,1,1,1,1,1,1,1,1,0,1,0,1
B3,315,1,1,1,1,1,1,1,1,1,1,1,1
B3,316,1,1,0,0,0,1,1,0,1,0,0,0
B3,317,1,1,1,1,1,1,1,1,0,1,1,1
B3,318,0,1,1,1,0,0,0,0,0,0,0,0
B3,319,0,0,0,0,0,0,0,0,0,0,0,0
B3,320,1,1,1,1,1,1,1,0,1,1,1,1
B3,321,0,0,0,0,0,0,0,0,0,0,0,0
B3,322,1,0,1,0,1,1,1,1,1,1,1,0
B3,323,1,1,1,1,0,0,0,1,1,1,0,1
B3,324,1,1,0,0,0,0,0,0,0,0,0,0
B3,325,0,0,1,0,0,0,1,1,0,1,1,0
B3,326,1,1,1,1,1,1,0,0,0,1,1,1
B3,327,1,1,1,1,1,1,1,1,1,1,1,1
B3,328,1,1,1,1,1,1,0,0,0,1,0,0
B3,329,1,1,0,0,0,1,1,1,0,1,0,0
B3,330,1,1,1,1,1,1,1,1,1,1,1,1
B3,331,0,0,0,0,0,0,0,0,0,1,0,0
B3,332,1,1,1,1,0,1,1,0,1,1,0,0
B3,333,0,0,0,1,1,1,1,1,1,0,0,0
B3,334,1,1,1,1,1,1,0,1,1,1,1,0
B3,335,0,1,1,1,1,0,0,1,0,0,1,0
B3,336,1,1,1,1,1,1,1,1,0,1,1,1
B3,337,1,1,1,1,0,0,1,1,1,0,1,1
B3,338,1,1,1,1,0,1,1,1,1,1,1,0
B3,339,1,1,1,1,1,1,1,1,1,1,1,1
B3,340,1,1,1,1,1,1,1,1,1,1,1,1
B3,341,1,1,1,1,0,1,1,0,0,1,1,0
B3,342,1,1,1,1,1,1,0,1,1,1,1,0
B3,343,0,0,0,0,0,0,0,0,0,0,0,0
B3,344,1,1,1,1,1,1,1,1,1,1,1,1
B3,345,0,0,1,1,0,0,1,0,0,0,0,0
B3,346,1,1,1,0,0,1,1,1,1,0,1,0
B3,347,1,1,1,1,1,0,1,1,0,0,1,1
B3,348,1,1,1,1,1,0,1,0,1,1,1,0
B3,349,1,1,1,1,1,1,1,1,1,1,1,1
B3,350,1,1,1,0,1,1,1,1,1,1,1,1
B3,351,1,1,1,0,1,1,1,0,0,0,1,0
B3,352,1,0,1,1,1,1,0,0,0,0,0,0
B3,353,1,0,0,0,0,0,0,0,0,0,0,0
B3,354,1,1,1,1,1,1,1,1,1,1,0,0
B3,355,1,1,1,1,1,1,1,1,1,1,1,1
B3,356,1,1,1,1,1,1,1,1,1,1,1,1
B3,357,1,1,1,1,1,0,1,1,0,0,1,0
B3,358,1,1,1,1,1,1,1,1,1,1,1,1
B3,359,1,1,1,0,1,0,0,1,1,1,0,0
B3,360,0,0,0,1,1,0,1,1,0,0,0,0
B3,361,1,1,1,1,1,1,1,1,1,1,0,1
B3,362,0,1,0,1,0,0,0,0,0,0,0,0
B3,363,0,1,1,1,1,1,0,0,0,1,1,0
B3,364,1,1,1,1,1,1,1,1,1,1,1,0
B3,365,0,1,0,0,0,1,0,0,0,0,0,0
B3,366,1,1,1,1,0,0,1,1,0,1,0,0
B3,367,1,1,1,0,1,1,1,1,1,0,1,0
B3,368,0,0,1,1,0,1,0,0,1,1,0,1
B3,369,1,1,1,1,1,1,1,1,1,1,0,1
B3,370,0,0,0,0,0,0,0,0,1,0,0,0
B3,371,1,1,1,1,1,1,1,1,1,1,1,1
B3,372,1,0,1,0,0,0,1,0,0,0,0,0
B3,373,1,1,0,1,1,0,0,0,0,1,1,1
B3,374,1,1,1,1,1,1,1,1,1,0,1,1
B3,375,1,0,0,0,0,0,0,0,0,0,1,1
B3,376,1,1,0,0,1,1,1,1,0,0,1,0
B3,377,1,1,1,0,1,1,1,1,1,0,1,0
B3,378,1,0,1,1,1,0,0,1,1,1,1,1
B3,379,1,1,1,1,1,0,0,0,0,0,0,0
B3,380,1,1,1,1,0,1,1,1,1,1,1,0
B3,381,1,1,1,0,1,1,0,1,1,1,1,0
B3,382,1,0,1,1,1,1,1,1,0,1,1,1
B3,383,1,1,1,1,1,1,1,1,1,1,1,1
B3,384,1,1,1,1,1,1,1,1,1,0,1,1
B3,385,1,1,1,0,1,0,0,0,0,1,0,0
B3,386,1,1,0,1,1,1,0,0,1,1,1,0
B3,387,1,1,1,1,1,1,1,1,1,1,1,0
B3,388,1,1,1,1,0,1,1,1,1,1,1,0
B3,389,1,1,1,1,1,0,1,1,1,1,1,1
B3,390,1,1,0,0,1,1,1,0,1,0,0,1
B3,391,1,1,1,1,0,1,1,1,1,1,0,0
B3,392,1,1,1,0,1,1,1,1,1,1,0,1
B3,393,1,0,0,1,0,0,0,0,0,0,0,0
B3,394,0,1,1,1,1,1,1,1,1,1,1,1
B3,395,1,1,1,0,0,0,0,0,0,0,0,0
B3,396,0,1,1,1,0,1,0,0,0,0,1,0
B3,397,1,1,1,1,0,0,1,1,1,1,0,0
B3,398,1,1,1,1,1,1,1,1,1,0,1,1
B3,399,1,1,1,1,0,1,0,0,0,0,0,0
B4,0,1,1,1,0,0,0,1,0,1,0,1,1
B4,1,1,1,1,1,1,1,1,1,1,0,1,0
B4,2,1,1,1,1,1,0,1,1,1,1,1,1
B4,3,1,1,1,1,1,1,1,1,1,1,1,1
B4,4,0,1,1,1,1,1,1,0,0,0,1,0
B4,5,1,1,1,1,1,1,1,1,1,1,1,1
B4,6,1,1,1,0,1,1,1,1,1,0,0,0
B4,7,1,1,1,1,1,1,1,1,1,1,1,1
B4,8,1,1,0,1,1,1,1,1,1,0,1,1
B4,9,1,1,1,1,1,0,1,1,1,0,1,1
B4,10,1,0,1,1,1,1,0,0,0,1,0,1
B4,11,0,1,1,0,1,1,0,0,0,1,0,0
B4,12,1,1,1,1,0,0,1,1,1,0,1,0
B4,13,1,0,0,0,1,1,1,0,0,1,0,0
B4,14,1,1,0,1,0,0,0,0,0,1,0,0
B4,15,0,1,1,1,1,1,1,1,1,1,1,1
B4,16,1,1,1,1,1,1,1,1,1,1,0,1
B4,17,0,1,1,0,0,0,1,0,0,1,1,0
B4,18,0,1,1,0,1,0,0,0,0,0,0,0
B4,19,1,1,1,1,0,1,0,1,1,1,0,0
B4,20,1,1,1,1,1,0,1,1,1,1,1,1
B4,21,1,0,1,1,1,1,1,1,1,1,1,1
B4,22,1,1,1,0,0,1,0,1,0,0,0,1
B4,23,1,1,1,1,1,1,1,1,1,1,1,0
B4,24,0,0,0,1,1,0,1,1,0,0,1,0
B4,25,0,0,1,1,0,0,0,0,1,0,0,0
B4,26,0,0,0,0,0,1,0,0,1,1,0,0
B4,27,1,1,1,1,1,0,1,0,1,1,1,1
B4,28,1,1,1,1,1,1,1,0,1,1,1,1
B4,29,1,1,1,1,1,1,1,1,1,1,1,1
B4,30,0,1,1,0,0,1,0,1,0,1,1,0
B4,31,0,1,1,1,1,1,0,1,1,1,1,0
B4,32,0,1,1,1,0,0,0,0,1,1,0,0
B4,33,1,1,1,1,1,1,1,1,1,1,1,1
B4,34,0,0,0,1,1,1,1,1,1,0,0,0
B4,35,1,1,0,1,1,1,1,1,1,0,1,0
B4,36,1,1,1,1,1,1,1,1,1,1,1,1
B4,37,1,1,1,1,1,1,1,1,1,1,1,0
B4,38,1,0,1,0,1,0,1,1,0,1,1,1
B4,39,1,0,1,1,0,1,1,1,1,0,1,0
B4,40,1,1,1,0,1,1,1,1,1,1,0,1
B4,41,1,1,1,1,1,1,1,1,1,0,0,0
B4,42,1,1,1,1,0,1,0,1,0,1,0,0
B4,43,1,1,1,1,1,1,1,1,1,1,1,0
B4,44,1,0,1,1,1,0,1,1,1,1,1,1
B4,45,1,1,1,1,1,1,0,1,0,0,1,1
B4,46,1,0,0,1,1,0,0,1,1,1,1,1
B4,47,1,1,0,1,0,1,1,1,1,1,1,0
B4,48,0,0,0,1,0,0,0,1,0,0,0,0
B4,49,1,1,1,0,0,1,0,0,0,0,0,0
B4,50,1,1,1,1,1,1,1,1,0,1,0,1
B4,51,0,1,1,1,1,1,1,1,1,1,1,1
B4,52,0,0,0,1,1,1,0,1,0,1,1,0
B4,53,1,1,1,1,1,1,1,1,0,1,1,1
B4,54,1,1,1,1,1,1,1,1,1,1,1,1
B4,55,1,1,1,1,1,1,1,1,1,1,1,1
B4,56,1,0,1,1,1,0,0,0,0,1,0,1
B4,57,1,1,1,1,1,1,1,1,1,1,1,1
B4,58,0,0,1,1,1,1,1,1,1,0,0,1
B4,59,1,1,1,1,1,1,1,1,0,1,0,1
B4,60,1,1,1,1,1,1,1,1,1,1,0,1
B4,61,1,1,1,1,0,1,1,1,1,1,0,1
B4,62,1,1,1,1,1,0,1,1,0,1,1,1
B4,63,1,1,0,1,0,1,1,0,0,0,1,0
B4,64,1,1,1,1,0,1,1,1,1,0,1,0
B4,65,1,0,0,1,1,1,0,0,1,0,0,1
B4,66,1,1,1,1,1,1,1,1,1,0,0,1
B4,67,1,1,1,1,1,1,1,1,1,0,1,0
B4,68,1,0,1,0,0,1,1,0,0,0,0,0
B4,69,1,1,1,0,1,1,1,1,0,1,1,1
B4,70,1,1,1,1,1,1,0,1,1,0,1,1
B4,71,1,1,1,1,1,1,1,1,1,1,0,1
B4,72,1,1,1,1,1,1,1,1,1,1,1,1
B4,73,1,1,1,1,1,1,1,1,1,0,1,1
B4,74,1,1,1,1,1,0,1,1,1,0,1,0
B4,75,0,1,1,1,1,1,0,0,1,0,1,1
B4,76,0,1,1,1,1,1,1,1,1,1,1,0
B4,77,0,0,1,0,0,1,1,0,0,0,1,0
B4,78,1,1,0,1,1,1,1,1,0,0,1,1
B4,79,1,1,1,1,0,1,1,1,1,1,0,0
B4,80,1,1,1,1,1,0,0,1,1,1,1,0
B4,81,1,1,1,1,1,1,1,1,0,1,1,1
B4,82,0,0,1,1,1,1,1,1,0,0,0,1
B4,83,1,1,1,1,1,1,1,1,1,1,1,1
B4,84,1,1,1,0,1,1,0,0,0,1,1,1
B4,85,1,1,1,0,0,1,1,1,1,0,0,0
B4,86,1,1,1,1,1,1,1,0,1,1,1,0
B4,87,1,0,1,0,1,1,1,0,0,0,0,0
B4,88,1,1,1,1,1,1,1,1,1,0,1,0
B4,89,0,0,1,0,1,1,1,0,0,0,1,1
B4,90,1,1,1,1,1,1,1,0,0,1,0,1
B4,91,1,1,1,1,1,1,0,0,1,0,0,0
B4,92,1,1,0,1,0,0,1,1,1,0,0,0
B4,93,1,1,1,1,1,0,1,1,1,1,1,1
B4,94,1,0,1,1,0,0,0,0,1,0,0,0
B4,95,1,1,1,1,1,1,1,1,1,1,1,1
B4,96,1,1,1,0,0,1,0,0,0,0,0,1
B4,97,0,1,1,1,1,1,1,1,1,0,1,1
B4,98,1,1,1,1,1,1,1,1,1,1,1,1
B4,99,1,0,1,1,1,0,0,1,0,0,0,1
B4,100,1,1,0,0,1,1,1,1,0,1,1,0
B4,101,1,1,1,1,1,1,1,1,0,1,0,0
B4,102,0,0,0,0,0,0,0,0,1,1,0,1
B4,103,1,1,0,1,1,1,1,1,1,0,1,0
B4,104,1,1,1,1,1,1,1,1,1,1,1,1
B4,105,1,1,1,1,1,1,0,0,0,0,0,1
B4,106,1,1,1,1,1,0,1,1,1,1,0,1
B4,107,0,1,1,1,1,1,1,1,0,0,1,0
B4,108,1,1,1,1,1,1,1,1,1,1,1,1
B4,109,1,1,1,1,0,0,0,0,1,0,0,0
B4,110,0,1,0,0,1,1,0,0,0,1,0,0
B4,111,0,0,0,1,0,0,1,0,0,0,0,0
B4,112,1,1,1,1,1,1,1,1,1,1,1,1
B4,113,1,1,1,1,0,1,1,1,1,1,1,1
B4,114,1,0,1,1,0,0,1,1,0,0,0,0
B4,115,1,1,1,1,1,0,1,1,1,1,0,1
B4,116,0,0,1,1,1,1,1,1,1,1,1,1
B4,117,1,1,1,1,0,1,1,1,1,1,1,1
B4,118,1,1,1,1,1,1,1,0,1,1,1,0
B4,119,1,1,1,1,0,0,1,0,0,0,0,1
B4,120,1,1,1,1,1,1,1,1,1,1,1,1
B4,121,1,1,1,1,0,1,1,1,1,1,1,0
B4,122,1,1,1,1,1,0,1,1,1,1,1,1
B4,123,1,1,0,1,1,1,0,0,1,1,0,0
B4,124,1,1,1,1,1,1,1,1,1,1,0,0
B4,125,0,1,1,1,1,1,0,1,1,1,1,1
B4,126,0,0,1,0,1,0,0,0,1,0,0,1
B4,127,1,1,1,1,1,1,1,1,1,0,1,0
B4,128,1,1,1,0,1,1,1,1,0,1,1,0
B4,129,1,1,1,1,1,0,1,1,1,1,1,1
B4,130,1,0,0,1,1,0,0,1,1,0,0,0
B4,131,1,1,1,0,1,1,1,1,1,1,1,1
B4,132,1,1,1,1,1,1,1,1,1,1,1,1
B4,133,1,1,1,1,1,1,0,0,1,1,0,0
B4,134,1,1,1,1,1,1,1,1,1,0,1,1
B4,135,1,1,1,1,1,1,1,0,0,1,0,0
B4,136,1,1,1,1,1,1,0,1,1,1,1,0
B4,137,0,1,1,1,0,1,1,0,1,0,0,0
B4,138,1,0,1,1,1,1,0,1,1,1,1,1
B4,139,1,1,1,1,1,1,1,1,1,1,1,1
B4,140,1,1,1,1,1,0,1,0,0,0,1,1
B4,141,0,1,1,1,0,0,1,0,0,0,0,1
B4,142,1,1,0,1,1,1,1,0,0,1,1,1
B4,143,1,1,1,0,0,1,0,0,0,0,0,0
B4,144,1,0,1,0,1,1,0,1,1,0,0,0
B4,145,1,1,1,1,1,1,1,1,1,1,1,1
B4,146,1,1,0,1,1,1,1,1,1,0,1,1
B4,147,1,1,1,1,1,1,0,0,0,0,0,0
B4,148,1,1,1,1,1,1,1,1,1,1,1,1
B4,149,0,0,0,0,1,1,0,0,0,0,0,0
B4,150,0,1,1,1,1,0,1,0,1,0,1,0
B4,151,1,1,1,0,1,1,1,1,1,0,0,0
B4,152,1,1,1,1,1,1,1,1,1,1,1,1
B4,153,1,1,0,1,1,1,1,0,0,1,1,0
B4,154,1,1,1,1,1,0,1,0,1,1,0,1
B4,155,1,1,1,1,1,1,1,1,1,1,1,1
B4,156,1,0,1,1,1,0,1,1,1,1,1,1
B4,157,1,1,1,1,0,1,0,1,0,1,0,0
B4,158,0,0,1,1,0,1,1,1,1,0,0,1
B4,159,1,1,1,1,1,1,1,1,1,1,1,1
B4,160,1,1,1,1,1,1,1,1,1,1,1,1
B4,161,1,1,1,1,1,1,1,1,1,1,1,1
B4,162,1,1,0,1,0,0,0,0,1,0,1,0
B4,163,1,1,1,1,1,1,1,1,1,1,1,1
B4,164,1,1,0,1,1,1,0,0,0,1,1,1
B4,165,1,1,1,1,1,1,1,1,1,1,1,0
B4,166,1,0,0,1,0,1,1,0,1,0,0,1
B4,167,1,1,1,1,1,1,0,1,0,1,1,0
B4,168,1,1,1,1,1,1,1,1,1,1,0,1
B4,169,1,1,1,1,1,1,1,1,1,1,1,1
B4,170,1,1,1,1,1,1,1,1,1,1,1,1
B4,171,1,1,1,0,1,1,1,1,1,1,0,0
B4,172,1,0,1,1,1,1,1,1,1,1,1,1
B4,173,1,1,1,1,1,1,1,1,1,1,1,1
B4,174,1,1,1,1,1,1,1,1,1,1,1,1
B4,175,1,1,0,1,1,1,1,1,0,1,1,1
B4,176,0,0,1,0,0,1,1,1,0,0,0,0
B4,177,1,1,0,1,0,1,0,0,0,0,0,0
B4,178,1,1,0,1,1,0,1,0,1,0,0,0
B4,179,1,1,1,1,1,1,1,0,1,0,1,1
B4,180,1,0,1,0,1,1,1,1,1,0,0,0
B4,181,1,1,1,1,1,1,1,1,1,1,1,1
B4,182,1,1,1,1,1,1,1,1,1,1,1,1
B4,183,0,0,0,0,0,0,0,0,0,0,0,0
B4,184,1,1,1,1,0,1,1,1,0,1,1,1
B4,185,1,1,1,1,1,1,1,1,1,1,1,0
B4,186,0,1,1,1,1,0,1,1,0,1,0,0
B4,187,1,0,1,1,1,1,1,1,1,1,0,1
B4,188,1,1,1,0,1,1,0,1,1,0,1,1
B4,189,1,1,1,1,1,1,1,1,1,1,0,1
B4,190,1,1,1,1,0,1,1,1,1,1,1,0
B4,191,1,0,1,0,0,1,0,0,0,0,0,0
B4,192,1,0,0,0,1,1,1,0,0,0,0,0
B4,193,1,1,1,1,1,1,0,1,1,1,1,1
B4,194,1,1,0,1,0,1,1,1,0,1,0,0
B4,195,1,0,1,1,1,1,1,1,1,1,1,1
B4,196,1,1,1,1,1,1,1,1,1,1,1,1
B4,197,0,0,0,1,1,0,1,0,0,1,0,0
B4,198,0,0,1,0,1,1,1,1,1,0,1,1
B4,199,1,1,1,1,0,1,1,0,1,1,1,1
B4,200,0,1,1,1,0,1,0,1,0,1,0,0
B4,201,1,1,1,1,1,1,1,1,1,1,1,1
B4,202,1,0,1,1,1,1,1,1,1,1,0,1
B4,203,1,1,1,1,1,1,1,1,0,1,1,1
B4,204,1,1,1,1,1,1,0,1,1,0,1,1
B4,205,1,1,1,1,1,1,1,1,1,1,1,1
B4,206,1,1,0,1,1,1,0,1,0,0,0,0
B4,207,1,0,1,1,1,1,1,1,1,1,1,1
B4,208,1,0,0,0,1,1,0,0,0,0,0,0
B4,209,0,0,0,0,0,0,0,0,0,0,0,0
B4,210,0,1,1,0,1,0,0,0,0,0,0,0
B4,211,0,1,1,0,0,0,1,1,0,1,0,0
B4,212,1,0,1,1,0,0,1,0,0,0,1,0
B4,213,1,0,1,1,1,0,1,0,1,0,0,0
B4,214,1,1,1,1,0,1,1,1,1,1,1,1
B4,215,0,1,1,1,0,1,1,1,0,1,1,1
B4,216,1,1,1,1,1,1,1,1,1,1,1,1
B4,217,1,1,1,1,1,1,1,0,1,0,0,1
B4,218,1,1,1,1,1,1,1,1,1,1,1,0
B4,219,1,1,1,1,1,0,1,1,1,0,0,1
B4,220,0,1,1,1,0,1,0,0,0,0,0,0
B4,221,1,1,1,1,1,1,1,1,1,1,1,1
B4,222,0,0,0,1,0,1,1,0,0,0,1,1
B4,223,1,1,1,1,1,1,1,0,1,1,1,1
B4,224,1,1,1,1,1,1,0,1,1,1,1,1
B4,225,0,1,1,1,1,1,0,1,1,0,1,1
B4,226,1,1,1,1,1,1,1,1,1,1,1,1
B4,227,0,1,1,1,1,1,1,1,1,1,1,1
B4,228,1,1,1,0,0,1,1,1,1,0,0,0
B4,229,1,0,1,0,0,0,1,0,0,0,0,0
B4,230,1,0,1,1,1,0,1,0,1,1,0,0
B4,231,1,1,1,1,1,1,1,1,0,1,1,1
B4,232,1,0,0,1,0,0,1,0,0,0,0,0
B4,233,0,0,1,0,1,1,0,0,1,1,1,1
B4,234,1,1,1,1,1,0,1,1,1,1,1,1
B4,235,1,1,1,0,1,1,0,1,1,1,1,1
B4,236,1,1,1,1,0,1,1,1,1,1,1,0
B4,237,1,1,1,1,1,1,1,1,1,1,1,1
B4,238,1,1,1,1,1,1,1,1,1,0,1,1
B4,239,1,1,1,1,1,1,1,1,1,1,1,1
B4,240,1,1,1,1,1,1,1,0,1,0,0,1
B4,241,0,1,1,1,1,1,1,1,1,1,1,1
B4,242,1,1,1,1,1,1,1,1,1,1,0,1
B4,243,1,1,1,1,1,1,1,1,1,1,1,1
B4,244,1,1,1,0,1,0,1,0,0,0,1,1
B4,245,1,1,1,1,1,1,1,1,1,1,1,1
B4,246,1,1,1,1,0,0,1,1,1,0,0,1
B4,247,1,1,1,1,1,1,1,1,0,0,1,1
B4,248,1,1,0,1,1,1,1,1,1,1,0,1
B4,249,0,1,1,1,1,1,0,1,1,0,1,1
B4,250,1,1,1,1,1,1,1,1,1,0,1,0
B4,251,1,1,1,1,1,1,1,1,1,1,1,1
B4,252,1,0,0,1,0,0,1,1,0,0,0,0
B4,253,1,1,1,1,1,1,1,1,1,1,1,1
B4,254,1,1,1,1,1,1,1,1,0,0,0,1
B4,255,1,1,1,1,1,1,1,1,1,1,1,1
B4,256,1,0,0,0,0,0,0,1,0,0,0,1
B4,257,1,1,1,1,1,0,0,1,1,0,0,0
B4,258,1,1,1,1,1,1,1,1,1,1,1,1
B4,259,1,1,1,1,1,0,0,1,1,0,0,1
B4,260,1,1,1,1,1,1,1,1,1,1,1,1
B4,261,1,1,1,1,0,1,1,1,1,1,1,1
B4,262,1,1,1,1,1,0,1,1,1,1,1,0
B4,263,1,1,1,1,1,0,1,1,1,1,1,1
B4,264,1,1,0,1,0,1,0,1,1,1,0,1
B4,265,1,1,0,1,0,1,0,1,1,0,0,1
B4,266,0,0,0,0,0,0,0,0,0,0,0,0
B4,267,1,1,1,1,1,1,1,1,1,1,1,1
B4,268,1,1,1,1,1,1,1,1,0,0,0,0
B4,269,0,1,0,0,0,0,0,1,0,0,0,0
B4,270,1,1,1,1,0,1,1,1,1,1,0,0
B4,271,1,1,1,1,1,0,1,1,0,0,1,0
B4,272,0,0,0,1,1,0,0,1,0,0,1,1
B4,273,1,1,1,1,1,1,1,1,1,1,1,1
B4,274,1,1,1,1,0,1,1,1,1,1,1,1
B4,275,1,1,1,1,1,1,1,0,0,1,0,0
B4,276,0,1,1,0,1,1,1,1,0,0,0,1
B4,277,1,0,1,1,1,0,1,1,1,1,1,1
B4,278,1,1,1,1,1,1,0,0,0,1,0,1
B4,279,1,1,1,1,1,1,1,1,1,1,1,1
B4,280,1,1,1,1,1,1,1,1,1,0,1,1
B4,281,1,1,1,1,1,1,1,1,1,0,1,1
B4,282,0,1,0,1,0,1,1,0,0,0,0,1
B4,283,1,0,0,0,0,0,0,0,0,0,0,0
B4,284,0,1,1,0,0,1,0,0,0,0,0,0
B4,285,1,1,1,1,1,1,1,1,1,0,0,1
B4,286,1,1,1,1,1,1,1,1,1,1,1,1
B4,287,1,1,1,1,1,1,1,1,1,1,1,1
B4,288,0,1,1,1,1,1,1,0,1,0,1,1
B4,289,1,0,1,0,0,0,0,0,0,0,1,1
B4,290,1,1,1,1,1,1,1,1,1,1,1,1
B4,291,0,1,1,1,1,1,1,0,1,1,0,1
B4,292,0,0,1,1,1,1,1,1,0,1,0,0
B4,293,1,1,1,1,1,1,1,1,1,1,1,1
B4,294,1,1,1,1,1,1,1,0,0,1,1,1
B4,295,1,1,1,0,1,0,0,0,0,0,0,0
B4,296,1,1,1,0,1,1,1,1,1,1,1,0
B4,297,1,1,1,1,1,1,1,1,1,1,1,1
B4,298,1,1,1,1,1,1,1,1,1,1,1,1
B4,299,1,0,1,0,0,0,0,0,0,0,0,0
B4,300,1,0,1,1,1,0,1,1,1,0,1,1
B4,301,1,1,1,1,1,1,1,1,0,1,1,0
B4,302,1,1,1,1,1,1,1,1,1,1,1,1
B4,303,1,1,0,1,0,1,0,0,1,1,0,0
B4,304,0,1,1,1,1,0,1,1,1,0,0,0
B4,305,1,1,1,1,1,1,1,1,0,1,1,1
B4,306,1,1,1,1,1,1,1,1,0,1,1,1
B4,307,1,1,1,1,1,1,1,1,1,1,1,1
B4,308,1,1,0,1,1,1,1,1,1,1,0,0
B4,309,1,0,0,0,0,1,0,0,0,0,0,0
B4,310,1,1,1,1,1,1,1,0,1,0,1,1
B4,311,1,1,1,1,1,1,1,1,1,1,0,1
B4,312,1,1,1,1,1,1,1,1,1,1,1,1
B4,313,1,1,1,1,0,1,1,0,1,1,1,1
B4,314,0,0,1,1,1,1,1,0,1,0,1,0
B4,315,1,1,1,1,1,1,1,0,1,1,1,0
B4,316,1,1,1,1,1,1,1,1,1,1,1,1
B4,317,1,1,1,0,0,0,1,0,0,0,0,0
B4,318,1,1,1,1,1,0,1,1,1,1,1,1
B4,319,1,1,1,1,1,1,1,1,1,1,1,0
B4,320,1,1,1,1,1,1,1,1,1,1,1,1
B4,321,0,1,1,1,1,1,1,0,1,0,1,0
B4,322,1,0,1,1,1,1,1,1,1,0,1,1
B4,323,1,0,1,0,0,1,1,1,0,1,0,0
B4,324,1,1,1,1,0,0,1,1,1,0,1,1
B4,325,1,0,1,1,0,1,1,1,1,1,0,1
B4,326,1,1,1,1,1,1,1,1,1,1,1,1
B4,327,1,1,1,1,1,1,1,1,1,1,1,1
B4,328,1,1,1,1,0,1,1,1,1,1,1,1
B4,329,1,1,1,1,1,1,1,1,1,1,1,0
B4,330,1,1,1,1,1,1,1,0,1,1,1,0
B4,331,1,1,1,1,1,1,1,1,1,1,1,1
B4,332,1,1,1,1,1,1,1,1,1,1,0,1
B4,333,1,0,0,1,1,1,0,1,0,0,0,0
B4,334,1,1,1,1,1,1,1,1,1,0,1,1
B4,335,1,1,0,1,1,1,1,1,0,1,0,1
B4,336,1,1,0,1,1,0,1,0,1,0,0,0
B4,337,1,1,1,1,1,1,1,1,0,1,1,1
B4,338,1,1,1,1,1,0,0,1,1,1,1,1
B4,339,1,1,0,0,0,0,1,0,0,0,0,0
B4,340,1,1,1,1,1,0,1,0,1,1,1,0
B4,341,1,1,0,1,0,1,1,1,1,1,0,0
B4,342,1,1,1,1,1,1,1,1,0,0,0,0
B4,343,1,1,1,1,1,1,1,1,1,1,0,0
B4,344,0,1,1,0,1,0,0,0,0,1,0,0
B4,345,0,0,0,0,1,1,1,0,0,0,0,1
B4,346,1,1,1,1,1,1,1,1,1,1,1,1
B4,347,1,1,1,1,1,1,1,1,1,1,1,0
B4,348,1,1,1,1,0,1,1,1,1,1,1,1
B4,349,0,1,0,1,1,0,0,0,1,1,0,0
B4,350,1,0,0,1,0,0,0,1,1,0,0,0
B4,351,0,1,1,1,1,1,1,1,1,0,0,0
B4,352,1,1,0,1,1,0,0,1,1,1,1,1
B4,353,1,0,1,0,1,1,0,1,0,0,0,1
B4,354,1,1,1,1,1,1,1,1,1,1,1,0
B4,355,1,1,1,1,1,1,1,1,1,1,1,1
B4,356,1,1,1,1,0,1,0,0,0,1,0,1
B4,357,1,1,1,1,1,1,0,1,1,1,1,1
B4,358,1,1,1,1,1,1,1,1,1,1,1,1
B4,359,1,1,1,0,1,1,1,0,0,1,1,1
B4,360,1,1,1,1,1,1,1,1,1,1,1,1
B4,361,1,1,1,1,1,1,1,1,1,1,1,1
B4,362,0,1,0,0,0,0,1,1,0,0,0,0
B4,363,0,0,0,1,0,1,1,0,1,0,0,0
B4,364,1,0,0,1,1,1,0,1,0,1,1,1
B4,365,1,1,1,1,1,1,1,0,1,1,0,1
B4,366,0,0,0,0,0,0,0,0,0,0,0,0
B4,367,1,1,1,1,1,1,1,1,1,0,0,1
B4,368,1,1,1,1,1,1,1,1,1,1,0,1
B4,369,0,1,1,1,1,0,1,1,1,1,0,0
B4,370,1,1,1,1,1,0,0,0,0,0,1,1
B4,371,1,1,1,1,1,1,1,1,1,1,1,0
B4,372,1,1,1,1,1,1,1,0,0,1,0,1
B4,373,1,1,1,1,1,0,1,0,0,1,1,1
B4,374,1,1,1,0,1,1,1,1,1,1,1,1
B4,375,1,1,1,1,1,1,1,0,1,1,1,1
B4,376,1,1,1,1,1,1,1,1,1,1,1,1
B4,377,1,1,1,1,0,0,0,1,0,0,1,1
B4,378,1,1,0,1,1,1,1,0,0,1,0,0
B4,379,1,1,1,1,1,1,1,1,1,1,1,1
B4,380,0,1,1,1,1,1,0,1,1,1,1,1
B4,381,1,1,0,1,1,1,1,1,0,0,0,0
B4,382,0,1,1,1,1,1,1,1,1,1,0,1
B4,383,1,1,1,1,1,1,1,1,1,1,1,1
B4,384,1,0,0,1,0,0,0,1,1,0,0,1
B4,385,1,1,1,1,1,1,1,1,1,1,1,1
B4,386,1,1,1,1,1,0,1,1,1,1,0,1
B4,387,1,1,1,1,1,1,1,1,1,1,1,1
B4,388,1,1,1,1,1,1,1,0,1,1,0,0
B4,389,1,1,1,1,1,1,1,1,1,1,1,1
B4,390,1,1,0,0,1,1,0,0,1,1,1,0
B4,391,1,1,1,1,1,0,0,1,1,1,1,1
B4,392,1,1,0,1,1,1,1,1,1,1,1,0
B4,393,1,1,1,1,1,1,1,1,1,1,1,1
B4,394,1,1,1,1,1,1,1,1,1,1,1,1
B4,395,1,0,0,1,0,1,0,0,0,0,0,1
B4,396,1,0,1,1,1,1,1,1,0,1,1,1
B4,397,1,1,0,1,1,0,1,1,0,1,1,1
B4,398,1,1,1,1,1,1,0,1,1,0,0,0
B4,399,1,1,1,1,1,1,1,1,1,0,1,1
B4,400,1,1,1,1,1,1,0,1,1,1,0,0
B4,401,1,1,1,1,1,1,1,0,1,1,1,0
B4,402,1,1,1,1,1,1,1,1,1,1,1,1
B4,403,0,1,1,1,1,1,0,1,1,1,1,0
B4,404,0,0,0,1,0,0,1,1,0,1,0,0
B4,405,1,1,1,1,1,1,1,1,0,1,0,1
B4,406,0,0,0,0,0,0,0,0,0,0,0,0
B4,407,1,1,1,0,1,1,1,1,1,1,0,0
B4,408,0,1,1,1,1,1,1,1,1,1,1,1
B4,409,1,1,0,1,1,1,1,0,1,1,0,0
B4,410,1,1,1,1,1,1,1,1,1,1,1,1
B4,411,1,1,1,1,0,1,1,1,1,1,1,1
B4,412,1,0,1,1,1,0,0,0,0,0,0,0
B4,413,1,1,1,1,1,1,0,1,1,1,0,1
B4,414,1,0,1,1,1,0,1,1,1,1,1,1
B4,415,1,1,1,0,1,1,1,1,1,1,0,1
B4,416,1,1,1,1,1,1,1,1,1,1,1,1
B4,417,1,1,1,1,1,1,1,0,1,1,1,0
B4,418,1,1,1,0,0,1,0,0,0,1,0,0
B4,419,1,0,1,0,0,0,0,0,0,0,1,0
B4,420,1,1,1,1,0,1,0,1,1,1,0,1
B4,421,1,1,1,1,1,1,1,1,1,0,1,0
B4,422,1,1,1,0,1,1,1,1,1,0,1,0
B4,423,1,1,1,1,1,1,0,1,1,1,1,1
B4,424,1,1,1,1,1,1,1,1,1,1,1,1
B4,425,1,1,1,1,1,1,1,1,1,1,1,1
B4,426,1,1,1,1,1,1,1,1,1,1,1,1
B4,427,0,1,1,1,1,1,1,1,1,0,1,1
B4,428,1,1,1,1,1,1,1,1,1,1,1,1
B4,429,1,1,1,1,1,1,1,1,1,1,1,1
B4,430,1,1,0,1,1,1,0,1,1,1,1,1
B4,431,0,1,0,1,1,1,1,0,1,1,1,0
B4,432,1,0,0,0,1,0,0,0,1,1,0,1
B4,433,1,1,1,1,1,1,1,1,1,1,0,0
B4,434,1,1,1,1,1,1,1,1,1,1,1,1
B4,435,0,0,0,1,0,1,1,1,0,0,0,1
B4,436,1,1,1,0,1,1,0,1,1,0,1,0
B4,437,1,1,1,1,1,1,1,1,1,1,1,1
B4,438,1,0,1,1,1,1,1,1,1,1,1,1
B4,439,1,1,1,1,0,1,1,1,1,0,1,1
B4,440,1,1,0,0,0,0,1,0,1,0,1,0
B4,441,0,1,1,1,1,1,1,1,1,1,1,1
B4,442,1,1,0,0,1,0,0,1,1,1,0,0
B4,443,0,1,1,1,0,1,1,0,0,0,0,1
B4,444,1,1,1,0,1,1,1,1,1,1,1,1
B4,445,1,1,1,1,0,1,1,1,1,0,0,0
B4,446,1,1,0,1,1,1,1,1,1,1,1,0
B4,447,1,0,1,0,0,0,0,0,1,0,0,1
B4,448,1,1,1,1,1,1,1,1,1,1,0,1
B4,449,1,1,1,1,1,1,1,0,1,1,1,1
B4,450,1,1,1,1,1,1,0,1,1,1,0,1
B4,451,1,0,1,1,1,1,1,1,1,1,0,1
B4,452,1,1,1,1,1,0,1,1,0,0,0,0
B4,453,0,1,1,0,0,0,1,1,0,0,1,0
B4,454,0,0,0,1,1,0,0,1,0,0,0,0
B4,455,1,0,1,1,1,0,1,1,1,1,1,0
B4,456,1,1,1,1,1,1,1,1,1,1,1,1
B4,457,0,1,1,1,1,1,1,0,0,1,1,0
B4,458,1,1,1,1,0,1,1,1,1,1,1,0
B4,459,0,1,1,1,1,0,0,1,0,1,1,0
B4,460,1,1,1,1,1,1,0,0,0,1,1,0
B4,461,1,1,1,1,1,1,1,1,1,0,1,1
B4,462,1,1,1,1,0,1,1,0,1,1,1,1
B4,463,1,1,1,1,1,1,0,1,1,1,0,1
B4,464,1,1,1,1,1,0,1,0,1,1,1,1
B4,465,1,1,1,1,1,1,1,0,0,1,0,1
B4,466,0,0,0,0,0,0,0,0,0,0,0,0
B4,467,0,1,1,1,1,0,1,0,0,0,1,0
B4,468,1,1,1,1,1,1,0,1,1,0,1,0
B4,469,1,1,1,0,1,1,0,1,1,0,1,1
B4,470,1,1,1,1,1,1,1,1,1,1,1,0
B4,471,0,1,1,0,0,0,0,0,0,1,0,0
B4,472,1,1,1,1,1,0,1,1,0,0,1,1
B4,473,1,1,1,1,1,1,1,1,1,1,1,1
B4,474,1,1,1,1,1,1,1,1,1,1,1,0
B4,475,1,1,1,1,1,1,1,1,1,1,1,1
B4,476,1,1,1,0,0,0,0,0,1,0,0,0
B4,477,1,1,1,1,1,1,1,0,1,1,1,1
B4,478,1,1,1,1,1,1,1,1,1,0,1,1
B4,479,1,1,0,1,1,1,1,0,1,1,1,1
B4,480,1,1,1,0,0,1,0,1,0,0,1,0
B4,481,1,0,1,0,1,0,1,1,0,0,0,0
B4,482,1,0,1,1,1,1,1,1,1,1,1,1
B4,483,1,1,1,1,1,1,1,1,1,1,0,1
B4,484,1,1,1,1,1,1,1,1,0,1,1,1
B4,485,1,1,1,1,1,0,0,0,1,1,1,1
B4,486,1,1,1,1,1,1,1,1,1,0,1,1
B4,487,1,1,1,1,1,1,1,1,0,1,1,0
B4,488,1,0,1,1,1,1,1,1,1,0,1,1
B4,489,1,1,1,1,1,1,1,1,1,1,1,1
B4,490,1,1,1,1,1,1,1,1,1,1,1,1
B4,491,1,0,1,1,1,1,1,1,0,0,0,0
B4,492,1,1,1,1,1,0,1,1,0,0,1,1
B4,493,1,1,1,1,1,0,1,1,1,1,0,1
B4,494,1,1,0,1,0,1,0,0,0,1,1,1
B4,495,1,1,1,1,1,1,0,1,1,1,1,1
B4,496,1,1,1,1,0,0,1,0,1,1,0,0
B4,497,1,1,1,1,0,1,1,0,0,0,0,0
B4,498,1,1,1,0,1,1,1,1,1,0,1,1
B4,499,1,1,1,1,1,1,1,1,1,1,0,0
B5,0,1,1,1,1,1,1,0,1,0,1,0,1
B5,1,0,1,0,1,1,0,1,0,1,0,1,0
B5,2,1,1,1,0,1,1,1,1,0,0,1,0
B5,3,1,1,1,1,1,1,1,1,0,1,1,1
B5,4,1,1,1,1,1,1,1,1,1,1,1,1
B5,5,1,1,0,0,0,0,0,0,0,0,1,0
B5,6,0,1,1,1,1,1,1,1,1,1,0,1
B5,7,1,0,0,1,0,1,1,1,1,0,1,0
B5,8,1,1,1,1,0,1,0,1,1,1,0,0
B5,9,1,1,1,1,1,0,1,1,0,1,0,0
B5,10,0,0,1,0,0,0,0,0,0,1,0,0
B5,11,0,1,1,0,1,1,1,0,0,0,0,0
B5,12,1,1,1,0,1,1,0,1,0,0,1,1
B5,13,1,1,1,1,0,0,1,1,0,0,0,0
B5,14,1,1,1,1,1,1,1,1,1,0,1,0
B5,15,1,1,1,1,0,0,0,1,0,0,1,1
B5,16,1,1,1,1,1,1,0,1,1,1,1,1
B5,17,1,0,0,1,1,0,0,0,0,1,0,1
B5,18,1,1,1,0,1,1,1,1,1,0,0,1
B5,19,1,0,1,1,1,0,1,0,1,0,0,0
B5,20,1,1,1,1,1,1,1,1,1,1,1,1
B5,21,1,0,0,0,0,0,0,0,0,0,0,0
B5,22,1,0,1,1,1,1,1,1,1,1,1,0
B5,23,0,1,1,1,1,1,0,0,1,0,0,1
B5,24,1,1,1,0,0,1,1,0,1,1,1,0
B5,25,1,1,1,1,1,1,1,1,1,1,0,1
B5,26,1,1,1,1,1,0,1,1,1,0,1,0
B5,27,1,0,1,1,0,1,1,0,0,0,0,1
B5,28,0,1,0,1,0,0,0,0,0,0,0,0
B5,29,1,1,0,0,0,1,1,1,0,1,1,1
B5,30,1,1,1,0,1,1,1,1,1,1,1,0
B5,31,1,1,1,1,1,1,0,1,1,1,1,1
B5,32,1,1,1,1,1,0,0,1,1,0,0,0
B5,33,1,1,1,1,1,1,1,1,1,1,1,1
B5,34,0,1,1,0,0,1,1,1,1,1,0,0
B5,35,0,1,0,0,0,0,0,1,0,0,0,0
B5,36,1,1,1,1,1,1,1,1,1,0,0,1
B5,37,1,1,1,1,1,1,1,0,0,1,1,0
B5,38,1,1,1,1,1,0,0,0,1,1,0,0
B5,39,0,0,0,1,1,0,0,1,0,0,0,0
B5,40,1,1,1,1,1,1,1,1,1,1,1,0
B5,41,1,1,1,1,1,0,0,0,0,1,1,0
B5,42,1,0,1,1,1,1,1,0,1,0,1,0
B5,43,0,0,0,0,0,1,0,0,0,1,0,0
B5,44,0,1,1,1,1,0,1,0,0,0,1,0
B5,45,1,1,1,1,1,1,1,1,1,1,1,1
B5,46,0,0,0,0,1,1,0,0,0,0,0,1
B5,47,1,1,1,0,0,1,1,0,0,0,1,0
B5,48,1,1,1,1,1,0,0,0,0,0,0,0
B5,49,1,1,1,1,1,0,0,0,0,0,1,0
B5,50,1,1,1,1,1,1,1,1,1,1,1,1
B5,51,1,1,1,1,1,0,1,1,1,1,1,1
B5,52,1,1,1,1,1,1,1,1,1,1,1,1
B5,53,1,1,0,0,1,1,1,1,1,1,0,1
B5,54,1,1,1,1,1,1,1,1,1,1,1,0
B5,55,1,1,1,1,1,1,1,1,1,1,1,1
B5,56,1,0,1,1,1,1,1,0,0,1,1,1
B5,57,0,0,1,0,0,0,0,0,1,0,0,0
B5,58,0,0,0,0,0,0,0,0,0,1,0,0
B5,59,1,0,0,1,1,0,0,1,0,0,0,1
B5,60,0,1,0,0,1,1,1,0,1,1,0,1
B5,61,1,1,1,1,1,1,1,0,1,1,1,1
B5,62,1,1,1,0,1,1,1,1,1,1,1,1
B5,63,0,1,0,1,0,0,0,0,0,0,0,0
B5,64,1,1,1,1,1,1,1,1,1,0,0,1
B5,65,1,0,1,1,1,1,1,0,1,1,1,1
B5,66,1,1,1,0,1,0,1,0,1,1,0,1
B5,67,1,1,1,1,0,1,1,1,1,1,1,1
B5,68,1,1,1,1,1,0,0,1,0,0,0,1
B5,69,1,0,1,1,1,0,1,0,1,1,1,1
B5,70,1,1,1,1,1,1,0,0,1,1,1,0
B5,71,1,1,1,1,1,1,1,1,1,1,1,1
B5,72,0,0,1,0,0,0,1,0,0,1,0,0
B5,73,1,1,1,1,1,1,1,1,0,1,0,0
B5,74,1,1,1,1,1,1,1,1,0,0,0,1
B5,75,0,1,1,0,0,1,0,1,1,0,0,0
B5,76,0,0,0,0,1,0,1,1,0,0,0,0
B5,77,0,1,0,1,1,0,0,1,0,1,1,0
B5,78,1,0,0,1,0,0,1,0,0,0,1,0
B5,79,1,1,1,0,1,0,0,0,1,0,0,1
B5,80,1,1,1,1,1,1,0,1,1,0,0,0
B5,81,1,0,1,0,0,0,0,1,0,0,0,0
B5,82,1,1,1,1,0,1,0,0,0,1,0,0
B5,83,1,1,1,1,1,1,0,1,1,1,1,1
B5,84,1,1,1,0,1,1,1,1,1,1,1,0
B5,85,1,0,0,1,0,1,0,1,0,1,1,0
B5,86,0,1,0,0,0,0,0,0,0,0,0,1
B5,87,1,1,1,1,1,1,1,1,1,1,0,0
B5,88,1,1,1,1,1,1,1,1,0,1,0,0
B5,89,1,1,1,1,1,1,1,1,0,0,0,0
B5,90,0,1,1,1,1,1,0,1,1,1,0,1
B5,91,1,1,1,1,1,1,1,1,1,1,1,1
B5,92,0,1,1,0,1,0,0,1,0,0,0,0
B5,93,1,0,0,0,0,0,0,0,1,0,0,0
B5,94,1,1,1,1,1,1,0,1,1,0,1,1
B5,95,1,1,1,1,1,1,1,1,1,1,1,1
B5,96,1,0,1,1,1,0,1,1,1,1,0,1
B5,97,1,1,1,1,1,1,1,1,1,1,1,1
B5,98,0,0,0,0,0,0,0,0,0,0,0,0
B5,99,0,1,1,0,1,0,0,1,1,1,1,0
B5,100,0,0,0,0,0,0,0,0,0,0,0,0
B5,101,1,1,1,1,0,0,1,1,1,1,1,1
B5,102,1,1,1,1,1,1,1,0,0,1,0,0
B5,103,1,1,1,0,0,0,1,0,1,0,0,0
B5,104,1,0,1,1,1,1,1,1,1,1,1,1
B5,105,1,1,1,1,1,1,1,0,1,1,1,1
B5,106,1,0,1,1,0,0,1,1,1,0,1,0
B5,107,1,1,1,1,0,0,0,1,0,1,0,1
B5,108,1,1,0,1,1,1,1,1,0,0,1,1
B5,109,1,1,1,1,1,1,0,0,1,0,1,1
B5,110,1,1,1,1,1,1,1,1,0,1,1,0
B5,111,1,1,1,1,1,1,1,1,1,1,1,0
B5,112,1,1,0,1,1,1,1,1,0,1,0,0
B5,113,1,1,1,1,1,1,0,1,1,1,1,1
B5,114,1,1,0,1,0,1,1,1,1,1,1,1
B5,115,1,1,1,1,1,1,1,1,1,1,1,1
B5,116,1,0,1,1,1,1,1,1,0,1,0,0
B5,117,1,0,0,0,0,1,0,0,0,0,0,1
B5,118,1,1,1,0,0,1,1,1,1,1,1,0
B5,119,1,0,1,0,0,0,0,1,0,0,0,0
B5,120,1,1,1,1,1,1,1,0,1,0,0,1
B5,121,0,0,1,0,1,1,0,0,0,0,0,0
B5,122,1,1,1,1,1,1,1,1,1,1,1,1
B5,123,1,1,1,1,1,1,1,1,1,0,1,1
B5,124,1,1,1,1,1,1,1,1,1,1,1,1
B5,125,1,1,1,1,0,1,1,1,1,0,0,1
B5,126,1,1,1,1,1,1,0,1,0,1,0,0
B5,127,0,1,1,0,1,0,1,1,0,1,0,0
B5,128,1,1,1,1,1,1,1,1,1,1,1,0
B5,129,1,1,1,1,1,1,0,1,1,1,0,0
B5,130,1,1,1,0,0,0,0,0,0,0,0,0
B5,131,0,1,1,1,1,1,1,1,0,1,1,1
B5,132,0,1,0,0,1,0,0,0,0,0,0,0
B5,133,1,1,1,1,0,1,1,1,1,1,1,1
B5,134,1,1,1,1,1,0,1,1,1,1,1,1
B5,135,0,1,0,1,0,0,0,0,1,0,0,0
B5,136,1,1,1,0,0,1,0,1,1,0,1,0
B5,137,0,0,1,1,1,1,0,1,0,0,0,0
B5,138,1,0,1,0,1,1,0,1,0,1,1,0
B5,139,1,1,1,1,1,1,1,1,1,1,1,0
B5,140,1,0,1,0,1,1,1,1,1,1,1,1
B5,141,1,1,0,1,1,1,1,0,0,0,1,0
B5,142,1,1,1,1,1,1,0,1,1,0,1,0
B5,143,1,1,1,1,1,1,1,1,0,1,0,1
B5,144,0,1,1,0,1,0,0,0,1,0,1,1
B5,145,1,0,0,1,0,1,0,1,0,0,1,0
B5,146,1,0,1,1,0,1,0,0,1,0,1,0
B5,147,1,0,0,1,0,1,0,0,0,0,0,0
B5,148,1,0,1,1,1,1,1,0,1,1,1,0
B5,149,1,0,1,1,1,1,1,1,0,0,1,1
B5,150,1,1,1,1,1,1,1,0,1,0,1,1
B5,151,1,1,1,1,1,0,1,1,0,0,0,0
B5,152,1,0,1,0,0,1,0,0,0,0,0,0
B5,153,1,0,1,0,1,1,1,0,0,0,0,0
B5,154,1,1,1,1,0,1,0,1,0,1,0,0
B5,155,1,0,1,0,1,1,1,1,0,1,1,1
B5,156,1,1,1,1,0,1,0,1,1,1,0,0
B5,157,1,1,1,1,1,1,1,1,1,1,1,1
B5,158,1,1,0,1,1,1,1,0,0,1,0,1
B5,159,0,0,0,1,1,0,0,0,0,0,0,0
B5,160,0,0,0,1,0,0,1,0,0,1,0,0
B5,161,1,1,1,1,1,1,1,1,1,1,1,0
B5,162,0,0,0,1,0,0,0,0,0,0,0,0
B5,163,1,1,1,1,0,1,1,0,1,0,0,0
B5,164,0,1,1,1,1,0,1,1,1,1,0,0
B5,165,0,1,1,1,0,1,1,1,0,1,0,1
B5,166,1,1,0,0,0,0,0,0,0,1,0,0
B5,167,1,1,1,0,1,0,0,1,0,0,1,0
B5,168,1,0,0,0,0,1,0,0,1,1,0,0
B5,169,1,1,1,1,1,1,1,0,1,1,0,1
B5,170,0,0,0,1,0,1,1,1,0,0,0,0
B5,171,1,1,1,1,1,0,1,1,1,1,1,0
B5,172,1,0,0,0,1,1,0,1,1,1,0,1
B5,173,1,1,0,1,1,1,0,0,1,0,1,0
B5,174,1,1,1,1,1,1,1,1,0,1,1,0
B5,175,1,1,1,0,0,0,1,0,1,1,0,0
B5,176,1,1,0,1,0,1,0,0,0,0,0,0
B5,177,1,1,1,0,0,0,1,0,0,0,0,0
B5,178,0,0,1,1,1,1,0,0,0,0,0,0
B5,179,1,1,1,1,0,0,1,0,0,1,0,0
B5,180,1,1,1,1,1,1,1,1,1,1,1,1
B5,181,1,1,1,1,1,1,1,0,1,1,1,0
B5,182,1,1,1,1,1,1,0,1,1,0,1,0
B5,183,0,0,0,1,1,0,0,0,0,0,0,0
B5,184,1,1,1,1,1,1,1,1,0,0,0,1
B5,185,1,0,1,1,1,1,1,1,0,1,0,0
B5,186,1,0,1,0,0,0,1,0,0,0,1,0
B5,187,1,1,1,1,1,1,1,1,1,0,1,1
B5,188,1,1,1,1,1,1,1,1,1,1,1,0
B5,189,1,1,1,0,1,1,1,0,1,1,0,1
B5,190,0,1,1,1,0,1,1,1,0,0,0,1
B5,191,1,1,1,1,1,1,0,1,1,0,1,1
B5,192,1,1,1,1,0,1,1,1,1,1,0,0
B5,193,1,0,1,1,0,1,0,1,1,1,1,1
B5,194,1,1,1,1,1,1,0,1,1,0,1,0
B5,195,1,1,1,1,1,1,1,1,1,1,1,1
B5,196,1,1,1,1,1,1,1,1,1,1,0,0
B5,197,0,0,0,1,0,1,1,0,0,0,1,1
B5,198,1,1,1,1,1,0,1,0,1,1,1,0
B5,199,1,1,1,1,1,1,0,0,1,1,0,0
B5,200,0,1,0,0,0,1,0,1,1,0,0,0
B5,201,1,0,0,0,0,0,0,0,0,1,0,0
B5,202,1,1,1,1,1,1,1,0,0,1,1,1
B5,203,1,1,1,1,1,1,1,1,0,0,0,1
B5,204,0,0,0,0,0,0,0,0,0,0,0,0
B5,205,0,0,1,0,1,1,0,0,0,0,0,0
B5,206,0,1,0,0,0,1,0,0,0,0,0,0
B5,207,1,0,1,1,1,0,1,1,0,0,1,0
B5,208,0,1,1,1,0,0,0,0,0,0,0,1
B5,209,1,1,1,1,0,1,1,1,0,1,0,1
B5,210,1,0,1,0,1,0,1,0,0,0,0,0
B5,211,0,1,1,0,1,0,0,1,1,0,1,0
B5,212,1,1,1,1,1,0,1,1,1,1,1,1
B5,213,1,1,0,0,0,0,1,1,1,0,0,1
B5,214,1,0,1,1,1,1,1,1,1,1,1,1
B5,215,1,1,1,1,0,1,1,1,0,1,1,1
B5,216,0,1,0,1,1,1,1,1,1,0,1,0
B5,217,1,1,1,1,0,0,1,1,1,1,1,0
B5,218,0,0,0,0,1,0,1,0,0,0,0,0
B5,219,0,1,0,0,1,0,1,1,1,0,0,1
B5,220,1,1,1,0,1,0,1,1,0,1,1,0
B5,221,0,1,0,1,1,1,0,1,1,1,0,0
B5,222,1,1,1,1,0,1,0,0,1,1,1,0
B5,223,1,1,1,1,1,1,1,1,1,0,0,1
B5,224,1,0,0,0,0,0,1,0,1,1,0,1
B5,225,1,1,0,1,0,0,1,1,1,0,0,0
B5,226,0,1,1,1,1,1,1,1,1,1,1,1
B5,227,0,0,0,1,0,1,0,0,0,0,0,0
B5,228,1,1,1,1,0,1,1,0,1,1,0,0
B5,229,1,1,0,1,1,1,0,0,0,0,0,0
B5,230,0,0,1,1,1,0,0,0,0,0,1,0
B5,231,1,0,1,1,1,1,0,1,1,1,1,0
B5,232,1,1,1,1,1,1,1,1,0,1,1,1
B5,233,1,1,1,1,1,0,0,0,1,0,1,1
B5,234,1,1,1,1,1,1,1,0,1,1,1,1
B5,235,1,0,1,1,1,0,1,0,0,1,1,1
B5,236,0,1,0,1,0,1,0,0,0,1,1,0
B5,237,1,1,1,1,1,1,1,1,1,1,1,0
B5,238,1,1,1,1,1,1,1,1,0,1,1,1
B5,239,1,1,1,0,1,1,1,1,0,1,1,0
B5,240,1,1,1,1,0,0,0,1,1,1,0,0
B5,241,1,1,1,1,1,0,1,0,1,0,1,0
B5,242,0,0,0,1,0,0,0,0,0,0,0,0
B5,243,1,1,0,1,0,0,0,1,0,0,0,0
B5,244,1,0,0,0,0,0,1,0,1,0,0,0
B5,245,1,1,1,1,1,1,1,0,0,0,0,0
B5,246,1,1,1,1,1,1,1,1,0,1,0,0
B5,247,1,1,1,1,1,1,1,1,1,0,1,1
B5,248,1,1,1,1,1,1,1,1,1,1,1,1
B5,249,0,1,1,0,1,0,0,0,0,0,0,0
B5,250,0,0,0,0,0,0,0,0,0,0,0,0
B5,251,1,1,0,1,1,1,1,1,1,1,1,1
B5,252,1,0,0,1,0,0,0,0,0,0,0,0
B5,253,1,0,0,0,0,0,1,0,0,1,1,0
B5,254,1,0,1,1,0,0,1,1,0,0,0,1
B5,255,1,1,1,1,1,1,1,1,1,1,1,1
B5,256,1,1,0,1,1,1,0,1,1,1,0,1
B5,257,0,1,1,1,1,1,0,1,0,1,0,1
B5,258,1,1,1,1,1,0,1,1,1,1,0,1
B5,259,1,0,1,1,1,0,1,1,1,0,1,1
B5,260,1,1,1,1,0,0,0,0,1,1,0,0
B5,261,1,0,1,1,1,0,0,0,0,1,0,0
B5,262,1,1,1,0,1,1,1,1,0,0,1,1
B5,263,1,1,1,1,1,1,1,1,1,1,1,1
B5,264,1,0,1,1,1,1,1,1,0,1,0,0
B5,265,0,1,1,1,1,1,0,1,1,1,1,0
B5,266,1,1,1,1,1,1,1,1,1,1,1,0
B5,267,0,1,1,1,1,0,1,0,0,1,0,0
B5,268,1,0,0,0,0,1,0,0,1,0,1,1
B5,269,0,0,1,1,0,1,1,0,0,0,0,0
B5,270,1,1,1,1,1,0,1,1,0,1,0,1
B5,271,0,1,1,1,0,0,1,0,0,0,1,1
B5,272,1,1,1,1,1,1,1,0,1,1,1,0
B5,273,1,0,1,0,0,1,0,0,0,1,0,1
B5,274,1,1,1,1,1,0,1,1,1,1,1,1
B5,275,0,0,1,1,1,1,1,1,0,0,0,0
B5,276,0,0,1,1,1,0,0,1,0,0,1,0
B5,277,1,1,0,1,1,1,1,1,1,0,1,1
B5,278,1,0,1,0,1,0,0,0,0,0,0,0
B5,279,1,0,1,1,1,0,0,1,1,0,0,1
B5,280,1,1,0,1,1,1,0,1,0,1,0,1
B5,281,0,1,0,0,0,0,1,1,0,1,0,1
B5,282,1,1,1,1,1,0,1,1,1,0,1,1
B5,283,1,1,0,1,1,1,1,1,1,1,1,0
B5,284,0,1,1,1,0,1,1,0,1,0,0,0
B5,285,1,1,1,1,1,0,1,0,1,1,0,0
B5,286,1,1,1,1,1,0,1,0,1,1,1,0
B5,287,1,1,1,1,1,1,1,1,0,1,1,0
B5,288,1,1,1,1,1,1,1,1,1,1,1,1
B5,289,1,1,1,1,0,1,1,1,1,1,1,1
B5,290,1,1,1,1,1,1,1,1,1,1,1,1
B5,291,1,1,1,0,0,0,0,0,0,1,0,0
B5,292,1,1,1,1,1,1,1,1,0,1,0,1
B5,293,1,1,1,1,0,0,0,1,1,1,1,1
B5,294,0,1,1,1,1,0,0,1,1,0,1,1
B5,295,1,1,1,1,1,1,1,0,0,1,0,0
B5,296,0,0,0,0,0,0,0,0,0,0,0,0
B5,297,1,0,1,1,1,1,1,1,1,1,1,1
B5,298,1,1,0,1,0,0,1,1,0,1,0,0
B5,299,0,1,1,1,1,0,1,0,0,0,0,1
B5,300,1,1,1,1,1,0,0,0,1,1,1,1
B5,301,1,1,1,1,1,1,1,1,0,0,0,0
B5,302,0,1,1,1,0,0,1,1,1,0,0,1
B5,303,0,1,1,1,1,0,1,1,1,1,1,0
B5,304,1,1,1,1,1,1,1,1,0,0,0,1
B5,305,1,1,1,1,1,1,1,1,1,1,1,1
B5,306,1,1,0,1,1,1,1,1,1,1,1,1
B5,307,1,1,1,1,1,1,1,0,0,1,1,1
B5,308,1,1,0,1,1,1,1,0,1,1,1,0
B5,309,1,1,1,1,1,1,0,1,1,1,0,0
B5,310,1,1,1,1,1,1,1,0,0,1,0,1
B5,311,1,1,0,1,1,1,1,1,1,1,0,0
B5,312,1,1,1,1,0,1,1,1,0,1,1,1
B5,313,0,0,0,0,0,0,0,0,0,0,1,0
B5,314,1,1,1,1,1,1,1,1,1,1,1,1
B5,315,1,0,0,1,0,1,0,1,1,1,0,0
B5,316,1,1,1,1,0,1,1,1,1,1,1,0
B5,317,1,1,1,0,0,0,1,0,0,0,0,0
B5,318,0,1,1,1,1,0,0,0,0,0,0,0
B5,319,0,0,0,0,0,0,0,0,0,0,1,0
B5,320,1,0,0,0,0,0,1,0,1,0,0,0
B5,321,1,1,1,1,1,1,1,0,1,1,1,1
B5,322,0,1,1,0,0,0,1,0,0,1,0,0
B5,323,0,1,0,0,0,1,0,0,0,0,0,0
B5,324,1,1,0,1,1,1,0,0,1,0,1,0
B5,325,0,1,0,0,1,1,1,0,1,1,1,0
B5,326,1,1,1,0,1,1,1,1,1,1,1,1
B5,327,1,1,1,1,1,1,1,1,1,1,1,0
B5,328,1,1,1,1,1,1,1,1,1,1,0,1
B5,329,1,1,1,1,1,1,1,1,1,0,0,0
B5,330,1,1,1,1,0,1,0,1,0,0,1,0
B5,331,0,1,0,0,0,0,1,0,0,1,0,0
B5,332,1,1,1,1,1,0,1,1,1,1,1,0
B5,333,0,1,1,1,0,1,1,0,1,1,1,1
B5,334,1,1,1,1,1,1,1,1,1,0,1,1
B5,335,1,1,1,1,0,0,1,0,1,1,0,0
B5,336,1,1,1,1,1,0,1,1,0,1,1,1
B5,337,1,1,0,1,1,0,0,0,1,1,1,1
B5,338,1,1,1,1,1,0,0,1,1,1,0,1
B5,339,0,0,0,0,0,0,0,0,0,0,0,0
B5,340,1,1,1,1,1,0,0,0,0,0,0,1
B5,341,0,1,1,1,1,1,1,1,1,0,1,1
B5,342,1,1,1,1,1,1,1,1,1,1,1,1
B5,343,1,1,1,1,1,1,1,0,1,0,1,1
B5,344,1,1,0,1,1,1,1,1,1,1,1,1
B5,345,1,1,1,1,0,1,1,0,1,1,1,1
B5,346,0,1,1,1,1,1,1,1,1,0,1,0
B5,347,1,1,1,1,1,1,1,0,1,1,0,1
B5,348,1,1,1,1,0,1,1,0,1,0,1,1
B5,349,1,1,1,1,1,1,1,1,0,1,1,1
B5,350,0,0,0,0,0,1,0,0,1,0,0,0
B5,351,0,1,1,0,1,1,1,1,0,0,1,0
B5,352,1,1,1,1,1,1,1,1,1,1,1,1
B5,353,1,1,1,1,0,1,0,0,0,0,1,0
B5,354,1,1,0,1,1,1,1,1,0,1,0,0
B5,355,1,0,1,0,1,1,1,0,1,0,0,1
B5,356,1,1,1,1,1,1,1,1,1,1,1,1
B5,357,1,1,1,1,1,1,1,1,1,0,0,0
B5,358,1,1,1,1,1,1,1,1,1,1,1,1
B5,359,1,0,1,1,1,0,0,0,0,0,0,0
B5,360,1,0,1,1,1,0,0,0,1,0,0,1
B5,361,1,1,1,1,1,0,0,1,1,0,0,0
B5,362,1,1,1,1,1,1,0,1,0,1,0,0
B5,363,0,0,1,1,0,0,0,1,0,0,0,0
B5,364,0,1,1,0,0,0,0,0,0,0,0,0
B5,365,1,0,1,1,1,1,1,1,1,1,1,1
B5,366,1,0,1,1,1,1,1,1,0,1,0,0
B5,367,1,1,1,1,1,1,1,1,1,1,1,0
B5,368,1,1,1,1,1,1,1,1,1,1,1,1
B5,369,0,1,1,1,0,1,1,0,1,0,1,0
B5,370,1,1,1,1,1,1,1,1,1,1,1,0
B5,371,1,1,1,0,0,1,1,1,0,1,1,0
B5,372,1,1,0,1,0,1,0,1,0,0,0,0
B5,373,1,1,1,1,1,1,1,1,1,1,1,1
B5,374,1,1,1,1,1,1,1,1,1,1,1,1
B5,375,1,1,1,1,1,1,1,1,1,1,1,1
B5,376,0,0,1,0,0,0,0,0,0,1,0,0
B5,377,1,1,1,0,0,1,1,1,0,0,0,1
B5,378,0,0,1,0,0,1,0,0,0,1,0,0
B5,379,1,0,0,1,1,1,0,1,0,0,1,1
B5,380,1,0,1,0,1,0,1,0,0,0,0,0
B5,381,1,0,1,1,1,1,1,0,0,1,1,1
B5,382,1,1,1,1,1,1,1,1,1,1,0,1
B5,383,1,1,1,0,0,1,0,0,0,0,0,0
B5,384,1,1,1,1,1,1,1,1,1,1,1,1
B5,385,1,1,1,0,1,0,0,0,0,0,0,0
B5,386,1,1,1,1,1,1,1,1,1,1,1,0
B5,387,0,0,0,0,0,0,0,0,1,0,0,0
B5,388,1,1,1,0,1,0,1,1,1,0,1,1
B5,389,1,0,1,0,1,0,0,0,0,0,0,0
B5,390,1,1,1,0,1,0,1,0,1,1,1,1
B5,391,1,0,0,1,1,1,0,1,0,1,0,0
B5,392,1,1,1,1,1,0,1,1,0,0,1,1
B5,393,1,0,0,1,0,1,0,0,0,0,0,0
B5,394,1,0,1,1,1,0,1,0,0,1,0,1
B5,395,1,1,1,1,0,1,1,1,1,0,0,1
B5,396,1,1,1,1,1,1,1,0,1,1,0,1
B5,397,0,1,0,0,0,0,0,0,0,1,0,0
B5,398,1,0,1,1,1,1,0,1,1,1,1,0
B5,399,0,0,1,0,1,1,0,0,0,0,0,0
B5,400,1,1,1,1,1,1,1,1,1,1,1,1
B5,401,1,0,1,1,1,1,0,1,1,1,1,0
B5,402,1,1,1,1,0,1,0,0,0,1,1,0
B5,403,1,0,0,1,0,1,1,0,0,0,1,0
B5,404,1,0,1,1,1,1,1,1,1,1,1,0
B5,405,0,1,0,1,0,0,1,0,0,0,1,0
B5,406,1,1,0,1,1,0,1,0,1,0,0,0
B5,407,1,1,1,1,1,1,1,1,1,1,1,1
B5,408,1,1,0,1,0,1,0,1,0,1,0,0
B5,409,1,1,1,1,0,1,0,0,1,0,1,0
B5,410,1,1,0,1,0,0,1,0,0,0,0,0
B5,411,1,1,1,1,1,1,1,1,1,1,1,1
B5,412,1,1,1,1,0,1,1,1,1,1,1,0
B5,413,1,1,0,1,0,0,0,0,1,1,1,0
B5,414,1,1,1,1,1,1,1,1,0,1,1,1
B5,415,1,1,0,1,1,0,1,0,0,1,0,0
B5,416,1,1,1,1,0,0,0,0,0,0,1,0
B5,417,1,1,0,0,1,1,1,0,0,0,0,0
B5,418,1,0,1,1,0,1,1,1,0,0,0,0
B5,419,1,1,1,1,1,1,1,0,0,1,1,1
B5,420,1,1,1,1,0,1,1,1,0,0,1,0
B5,421,1,1,1,1,1,1,1,1,1,0,1,0
B5,422,0,0,0,0,0,0,0,0,0,0,0,0
B5,423,0,1,1,1,0,1,1,1,1,1,0,1
B5,424,0,0,1,0,0,1,0,1,1,0,1,0
B5,425,1,1,1,0,0,1,1,0,1,0,0,1
B5,426,1,1,1,1,0,1,0,1,0,1,0,0
B5,427,0,1,1,1,0,0,1,1,1,0,0,1
B5,428,1,1,1,1,1,1,1,1,0,1,1,1
B5,429,1,0,1,0,0,0,0,0,0,0,0,0
B5,430,0,0,1,1,0,1,1,1,0,0,0,0
B5,431,1,0,1,0,0,0,1,1,0,0,1,1
B5,432,1,1,1,1,1,1,1,0,1,1,1,1
B5,433,0,0,0,1,1,0,0,0,0,0,0,1
B5,434,1,0,1,1,0,0,0,1,0,0,0,0
B5,435,0,0,0,0,0,0,0,0,0,0,0,0
B5,436,0,1,0,0,0,0,0,0,0,0,0,0
B5,437,1,1,1,1,1,1,0,1,1,0,1,1
B5,438,0,0,0,0,0,0,0,0,0,0,0,0
B5,439,1,1,1,1,1,1,1,1,1,1,1,0
B5,440,1,1,1,1,0,1,1,1,1,1,1,1
B5,441,1,0,1,0,0,1,1,1,1,0,1,1
B5,442,0,1,0,0,0,0,0,0,0,0,0,1
B5,443,1,0,0,0,0,0,1,0,0,1,1,0
B5,444,0,0,0,0,0,0,0,0,0,0,0,0
B5,445,1,1,1,1,1,1,0,1,1,1,1,1
B5,446,0,1,1,1,1,0,0,0,0,0,1,0
B5,447,1,0,1,1,1,0,1,1,1,1,0,0
B5,448,1,1,1,1,1,1,0,1,0,1,0,0
B5,449,1,0,1,1,1,1,0,1,1,1,0,1
B5,450,1,0,1,1,1,0,1,1,1,1,0,0
B5,451,0,1,1,1,1,1,1,0,1,1,0,0
B5,452,0,1,1,1,1,1,1,1,0,0,1,1
B5,453,1,1,1,0,1,1,1,1,0,1,0,0
B5,454,1,1,1,1,1,1,1,1,1,0,0,0
B5,455,1,0,1,1,0,0,1,0,0,0,1,1
B5,456,1,1,1,1,1,1,1,1,1,1,1,1
B5,457,1,0,1,1,1,1,1,0,0,1,0,0
B5,458,0,1,1,0,0,1,0,0,0,0,1,0
B5,459,1,1,1,1,1,1,1,0,1,1,1,0
B5,460,1,0,1,0,1,1,1,1,0,0,0,1
B5,461,0,1,0,1,1,1,1,1,1,1,0,1
B5,462,1,1,0,1,1,0,1,0,1,0,0,1
B5,463,0,1,1,0,1,1,1,1,0,1,0,1
B5,464,1,1,1,1,1,1,1,1,1,1,0,1
B5,465,0,0,1,1,1,0,0,0,0,0,0,1
B5,466,1,1,1,1,0,0,0,1,1,1,0,0
B5,467,0,1,1,1,1,1,0,0,0,0,0,0
B5,468,1,1,1,0,0,1,1,0,1,0,0,0
B5,469,0,0,0,0,0,1,0,0,0,0,0,0
B5,470,1,0,1,1,0,0,1,0,0,1,0,1
B5,471,1,1,1,1,1,1,1,1,1,1,1,1
B5,472,1,1,1,1,1,1,1,1,0,1,1,1
B5,473,0,1,1,1,1,1,1,1,0,1,1,0
B5,474,1,1,1,1,1,1,1,1,1,1,0,1
B5,475,0,1,0,1,1,1,1,0,1,1,0,1
B5,476,1,1,1,1,1,1,1,0,1,1,1,0
B5,477,1,1,1,1,0,1,1,1,1,1,0,0
B5,478,1,1,1,1,1,1,1,1,1,1,1,1
B5,479,0,0,0,0,1,0,0,0,0,0,0,0
B5,480,1,1,1,0,1,1,1,1,1,1,1,1
B5,481,1,1,1,1,1,1,1,0,1,0,0,1
B5,482,1,1,0,1,1,0,0,0,1,0,1,0
B5,483,1,1,0,1,1,1,0,1,1,0,0,0
B5,484,1,1,0,1,0,0,0,1,1,0,1,0
B5,485,0,0,0,1,0,0,0,0,0,1,0,0
B5,486,1,0,0,1,0,0,0,1,0,1,0,0
B5,487,1,1,1,0,1,0,1,0,1,0,1,0
B5,488,1,1,1,1,1,1,1,1,1,1,1,0
B5,489,0,1,1,1,0,1,0,1,0,1,0,0
B5,490,1,1,0,1,1,1,0,0,1,0,1,0
B5,491,1,1,1,1,1,1,0,1,1,1,0,1
B5,492,1,1,1,1,0,1,0,1,1,1,0,0
B5,493,1,1,1,0,1,1,1,1,0,0,0,0
B5,494,1,0,1,1,0,1,0,0,0,0,1,1
B5,495,0,1,1,1,1,1,1,1,1,0,1,0
B5,496,0,0,0,0,1,1,0,0,0,0,0,0
B5,497,1,1,1,1,1,0,1,1,0,0,1,1
B5,498,0,1,0,1,1,1,0,0,0,1,0,1
B5,499,1,1,1,1,1,1,1,1,1,1,0,0
B5,500,1,1,1,1,0,0,1,0,1,1,1,0
B5,501,0,1,1,1,1,1,1,1,1,1,1,0
B5,502,1,1,1,1,1,1,0,0,1,1,0,0
B5,503,1,1,1,1,1,1,1,0,1,1,1,1
B5,504,1,0,1,0,0,1,1,1,0,1,0,0
B5,505,1,1,1,0,0,0,0,0,0,0,0,0
B5,506,1,1,1,1,1,1,1,1,1,1,1,1
B5,507,0,1,1,1,0,1,0,1,1,0,1,1
B5,508,1,1,1,1,1,1,1,0,0,1,1,1
B5,509,0,1,1,1,0,1,0,0,0,0,0,0
B5,510,0,1,0,0,0,0,0,0,0,1,0,0
B5,511,1,1,0,1,1,1,1,0,0,0,1,0
B5,512,1,1,1,1,1,1,1,1,1,1,1,1
B5,513,1,1,1,1,0,1,1,1,0,1,1,1
B5,514,0,1,1,1,1,1,0,1,0,1,1,1
B5,515,1,1,1,1,1,0,0,1,0,0,1,1
B5,516,1,1,1,1,0,1,0,0,0,0,1,1
B5,517,1,1,0,0,1,0,1,0,0,1,0,1
B5,518,1,0,1,1,1,1,1,1,1,1,0,1
B5,519,1,1,1,0,0,1,1,0,1,0,0,1
B5,520,1,1,0,0,1,1,1,1,1,0,0,1
B5,521,1,1,1,1,1,1,1,1,1,1,1,1
B5,522,1,1,1,1,1,1,1,1,1,1,1,0
B5,523,0,0,1,0,0,0,0,0,1,1,1,0
B5,524,0,0,0,0,1,0,0,0,0,0,0,0
B5,525,1,1,1,1,1,1,0,1,0,1,1,1
B5,526,1,1,1,0,1,1,0,0,1,1,1,0
B5,527,1,1,1,1,1,1,0,1,1,0,1,1
B5,528,1,1,0,1,0,1,1,1,1,1,0,1
B5,529,1,1,1,1,1,1,0,1,1,1,1,1
B5,530,1,1,1,1,0,0,1,0,0,1,1,1
B5,531,0,1,0,1,1,0,1,0,0,1,1,1
B5,532,1,0,0,0,1,0,1,0,0,0,1,1
B5,533,1,1,1,1,1,1,1,1,1,1,1,1
B5,534,1,1,1,1,1,1,1,1,1,1,1,1
B5,535,1,1,1,1,1,1,1,1,0,1,1,0
B5,536,0,1,0,0,0,1,0,0,0,0,0,0
B5,537,1,1,1,1,1,1,1,1,1,1,1,0
B5,538,0,0,0,0,0,1,0,0,1,0,0,0
B5,539,1,1,1,1,0,0,1,0,1,0,0,0
B5,540,1,1,1,1,1,1,1,1,1,1,1,1
B5,541,1,1,1,1,1,0,0,1,0,0,0,0
B5,542,1,1,0,1,0,1,1,1,1,0,0,1
B5,543,1,1,1,1,1,1,1,1,1,1,1,1
B5,544,1,1,1,1,1,1,1,1,1,0,1,1
B5,545,1,1,1,1,1,0,1,1,1,1,1,1
B5,546,1,1,1,1,0,1,0,1,1,1,1,0
B5,547,1,1,1,1,1,1,1,1,1,1,1,0
B5,548,0,0,0,0,1,0,0,0,1,1,0,0
B5,549,1,0,1,1,0,1,1,0,0,1,0,0
B5,550,1,1,1,1,0,1,1,0,1,1,0,0
B5,551,0,1,1,1,1,1,1,1,1,0,1,1
B5,552,1,0,1,0,1,0,0,0,0,0,0,0
B5,553,1,1,1,1,0,1,0,1,1,0,1,0
B5,554,1,1,1,1,1,1,1,1,1,1,1,1
B5,555,1,1,1,1,1,0,0,1,1,0,0,1
B5,556,0,0,0,0,0,0,0,1,0,0,0,0
B5,557,0,1,0,1,0,0,0,0,0,0,0,0
B5,558,0,1,1,0,0,1,0,1,0,1,0,0
B5,559,1,1,0,1,0,1,1,1,1,1,0,1
B5,560,0,0,0,0,0,0,0,0,1,0,0,0
B5,561,1,1,0,1,0,0,1,1,1,0,0,1
B5,562,1,0,1,1,0,0,0,0,1,0,0,0
B5,563,0,0,0,0,0,1,0,1,0,0,0,0
B5,564,1,1,1,0,1,0,1,1,0,1,0,1
B5,565,0,1,1,1,1,0,1,1,1,1,1,1
B5,566,1,1,1,1,1,1,1,1,1,1,1,1
B5,567,1,1,1,1,1,1,1,1,1,1,1,0
B5,568,0,1,1,0,1,1,0,1,0,0,1,0
B5,569,1,1,1,1,0,1,1,1,1,0,1,0
B5,570,0,1,0,0,0,0,0,1,0,0,0,0
B5,571,0,1,0,1,0,1,1,1,0,0,0,0
B5,572,0,1,1,1,0,1,0,1,0,0,0,0
B5,573,0,0,1,1,1,1,1,0,1,0,1,1
B5,574,1,0,1,1,0,0,1,1,1,0,1,1
B5,575,1,1,0,1,1,0,0,1,0,0,0,0
B5,576,1,1,1,0,1,1,1,1,0,0,1,1
B5,577,1,0,1,1,1,1,1,1,1,1,0,1
B5,578,1,1,0,1,1,1,1,1,1,1,1,0
B5,579,1,1,1,1,1,1,1,1,1,1,1,0
B5,580,0,1,0,0,0,0,0,0,0,0,0,0
B5,581,1,0,1,1,1,1,1,1,1,1,0,0
B5,582,0,1,1,1,1,0,0,1,0,1,1,1
B5,583,0,1,1,0,1,1,1,0,0,0,0,0
B5,584,1,1,0,1,1,1,0,1,1,0,1,1
B5,585,1,0,0,0,0,0,0,0,0,0,0,1
B5,586,1,1,1,1,1,0,1,1,1,1,1,1
B5,587,1,1,1,1,1,0,1,1,1,1,1,1
B5,588,0,0,0,0,0,0,0,0,0,0,0,0
B5,589,1,0,0,0,0,1,0,0,0,0,0,0
B5,590,1,1,1,0,0,1,1,1,0,1,0,1
B5,591,1,1,1,1,1,1,0,1,1,1,1,1
B5,592,0,0,0,0,0,0,1,0,0,0,0,0
B5,593,1,1,1,0,1,1,1,1,1,0,0,0
B5,594,1,1,1,0,1,1,1,1,1,1,1,0
B5,595,1,0,1,0,0,1,0,0,0,0,1,0
B5,596,1,1,1,1,0,1,1,0,0,0,0,0
B5,597,0,1,0,0,0,0,0,0,0,1,1,1
B5,598,1,0,1,1,1,1,1,1,0,0,1,0
B5,599,1,1,1,1,0,1,1,1,1,0,1,1
B5,600,1,1,1,0,1,0,0,0,0,1,0,0
B5,601,1,1,1,0,1,1,1,0,0,0,0,0
B5,602,0,1,1,1,1,1,1,1,1,1,1,0
B5,603,1,1,1,1,1,1,1,1,1,1,1,1
B5,604,0,0,0,1,0,0,0,0,0,0,0,0
B5,605,1,1,1,1,1,1,1,1,0,1,1,0
B5,606,0,0,0,0,0,0,1,0,0,0,0,0
B5,607,0,1,1,1,0,1,1,0,1,1,0,0
B5,608,1,1,1,0,0,0,0,1,1,0,0,1
B5,609,1,1,1,1,1,1,1,1,1,1,0,1
B5,610,1,1,1,1,1,0,1,1,1,1,1,0
B5,611,1,1,1,0,1,1,1,1,1,1,1,1
B5,612,1,1,1,1,1,1,1,1,0,0,1,1
B5,613,0,1,1,1,1,1,1,1,1,0,1,0
B5,614,1,1,1,1,1,1,1,1,1,1,1,0
B5,615,1,1,1,1,1,1,1,1,1,0,1,0
B5,616,1,1,0,1,1,1,0,0,0,0,1,0
B5,617,1,1,0,1,1,0,1,0,1,1,0,0
B5,618,1,0,1,1,0,0,0,0,1,0,0,0
B5,619,0,1,1,0,0,1,1,1,1,1,1,1
B5,620,0,1,1,0,1,1,1,1,1,1,1,1
B5,621,0,1,1,0,0,0,0,0,0,0,0,0
B5,622,0,0,1,1,1,0,0,1,0,1,1,1
B5,623,0,1,1,1,1,1,1,0,1,1,0,0
B5,624,0,0,1,1,1,1,0,0,1,1,1,0
B5,625,0,0,1,1,1,1,0,0,1,0,0,0
B5,626,0,1,1,1,1,0,0,0,1,0,0,0
B5,627,0,0,0,1,0,0,1,1,0,0,1,0
B5,628,1,1,1,1,1,1,1,1,1,1,1,1
B5,629,1,1,0,1,0,1,1,1,1,1,1,0
B5,630,1,1,1,1,1,1,1,1,0,1,1,1
B5,631,0,0,1,0,1,1,0,0,0,0,0,0
B5,632,0,1,0,0,1,0,0,0,0,0,0,0
B5,633,1,0,1,0,0,0,0,0,0,0,0,1
B5,634,0,1,1,1,1,1,0,1,1,1,1,0
B5,635,1,1,1,1,1,1,1,0,1,1,0,1
B5,636,1,0,0,1,1,0,0,1,0,0,0,0
B5,637,1,1,1,1,1,1,1,1,0,1,1,1
B5,638,1,1,1,1,0,1,0,1,1,1,0,0
B5,639,0,1,0,1,0,1,0,0,1,1,0,0
B5,640,1,1,1,1,1,0,0,1,1,1,0,1
B5,641,1,1,1,1,1,1,0,0,1,0,0,0
B5,642,0,1,0,1,1,0,1,0,0,1,0,0
B5,643,0,0,0,0,1,0,0,1,0,0,0,0
B5,644,0,0,0,0,0,0,0,0,0,0,0,0
B5,645,1,0,1,1,1,1,1,1,1,0,0,1
B5,646,1,0,0,0,0,0,0,0,0,0,0,0
B5,647,1,1,1,1,1,1,1,1,1,1,1,1
B5,648,0,0,0,1,0,0,0,0,0,0,0,1
B5,649,0,1,1,0,1,1,1,1,1,1,0,0
B5,650,1,1,1,1,1,0,1,1,1,0,0,1
B5,651,1,1,0,1,1,0,0,0,0,0,0,1
B5,652,1,0,0,1,1,0,0,1,0,0,0,1
B5,653,1,0,0,1,1,1,1,0,0,0,0,1
B5,654,1,1,1,1,0,1,1,1,0,1,0,0
B5,655,1,1,1,1,1,1,1,1,1,1,1,1
B5,656,1,1,1,1,1,1,1,0,1,1,1,1
B5,657,1,1,1,1,1,0,1,1,1,1,1,0
B5,658,1,1,1,1,1,1,0,1,0,1,0,0
B5,659,1,0,1,1,1,1,1,0,0,0,0,1
B5,660,1,1,0,0,1,1,0,1,1,0,0,0
B5,661,0,0,0,0,0,1,0,0,0,0,0,0
B5,662,0,1,1,0,1,1,1,1,1,0,1,0
B5,663,1,1,1,1,0,0,1,1,1,1,1,1
B5,664,1,1,0,1,0,1,1,0,0,0,0,0
B5,665,1,1,1,1,1,1,1,1,1,1,1,1
B5,666,1,1,1,1,1,1,1,1,1,1,1,1
B5,667,1,1,1,0,1,1,1,1,0,1,1,1
B5,668,1,1,1,1,1,1,0,1,1,0,1,1
B5,669,0,0,1,1,1,0,0,0,0,1,0,0
B5,670,1,1,1,1,1,1,0,0,0,0,0,0
B5,671,1,1,1,1,1,1,0,1,0,1,0,0
B5,672,0,1,0,1,1,1,0,1,0,0,1,1
B5,673,1,1,1,1,1,1,1,0,1,1,1,1
B5,674,1,1,1,1,1,1,1,0,0,1,0,1
B5,675,0,1,1,1,0,1,1,1,1,0,0,0
B5,676,1,1,1,1,1,1,1,1,1,1,1,0
B5,677,1,0,0,0,1,0,0,0,1,0,0,1
B5,678,0,0,0,0,0,0,1,0,1,1,0,0
B5,679,1,0,1,1,1,1,1,0,1,1,1,0
B5,680,1,0,0,0,0,0,0,1,1,0,0,0
B5,681,1,1,1,1,1,1,1,0,1,0,1,0
B5,682,0,0,1,1,1,0,0,0,0,0,1,0
B5,683,1,1,1,1,1,1,1,1,1,0,1,0
B5,684,0,1,0,1,1,1,1,1,1,1,1,0
B5,685,0,0,0,0,0,0,0,0,0,0,0,0
B5,686,1,0,0,0,1,0,0,0,0,0,0,0
B5,687,1,1,1,1,1,1,1,1,1,1,0,1
B5,688,1,0,1,1,1,1,1,0,1,1,0,0
B5,689,1,1,1,1,1,1,1,1,0,1,0,0
B5,690,1,1,0,1,1,1,1,1,1,1,1,1
B5,691,1,1,0,1,1,1,1,0,1,0,1,1
B5,692,1,1,0,0,0,0,0,1,0,0,0,0
B5,693,1,1,1,0,1,1,0,0,0,0,1,0
B5,694,1,1,1,1,0,1,1,1,1,0,1,1
B5,695,1,1,1,1,1,1,1,1,1,1,0,0
B5,696,1,1,1,1,0,0,0,1,1,0,0,0
B5,697,0,0,0,1,0,0,0,0,0,0,0,0
B5,698,1,1,1,1,1,0,1,1,1,1,1,0
B5,699,1,1,1,1,1,0,1,1,1,1,1,1
B5,700,1,1,1,1,1,1,1,0,1,1,1,1
B5,701,1,1,1,0,0,1,1,1,1,1,0,0
B5,702,1,1,1,1,1,1,1,1,1,1,1,1
B5,703,0,1,1,0,0,0,0,0,0,1,0,0
B5,704,0,0,0,0,0,0,0,0,0,0,0,0
B5,705,1,1,1,1,1,1,1,1,1,1,1,1
B5,706,1,1,1,1,1,1,1,1,0,1,0,1
B5,707,1,1,1,1,1,1,0,0,1,1,0,1
B5,708,1,0,0,0,1,1,1,0,1,0,0,1
B5,709,1,1,1,1,1,1,1,0,0,1,1,1
B5,710,1,1,1,0,0,0,0,0,1,0,1,0
B5,711,1,0,1,0,1,1,1,1,1,0,0,1
B5,712,1,1,0,1,1,1,1,1,1,1,1,1
B5,713,0,1,0,1,0,0,1,1,0,0,0,1
B5,714,0,0,0,0,1,0,0,0,1,0,0,0
B5,715,0,1,1,1,1,0,1,0,0,1,1,0
B5,716,1,1,1,1,1,0,1,1,1,0,1,0
B5,717,1,1,1,0,1,1,1,1,1,1,1,0
B5,718,1,1,1,1,0,1,1,0,1,1,0,0
B5,719,1,1,1,1,0,0,1,0,0,1,0,1
B5,720,0,0,0,0,0,0,0,0,0,1,0,0
B5,721,1,1,1,0,1,1,1,0,1,1,0,1
B5,722,0,1,0,0,0,1,0,1,0,0,0,0
B5,723,1,1,1,1,0,1,1,1,1,0,1,1
B5,724,0,1,0,1,0,1,0,1,0,1,0,0
B5,725,1,1,1,1,0,0,1,0,0,0,0,0
B5,726,1,1,1,1,1,0,0,1,0,1,1,1
B5,727,1,1,0,1,0,1,1,1,0,1,1,1
B5,728,1,1,1,1,1,1,1,0,0,1,1,1
B5,729,0,0,1,0,0,0,0,0,0,0,0,0
B5,730,0,0,1,1,0,1,1,1,0,0,0,0
B5,731,1,1,1,1,0,0,1,1,0,1,0,1
B5,732,1,1,1,1,1,0,1,1,0,1,0,0
B5,733,1,1,1,1,0,1,1,1,1,1,1,1
B5,734,0,0,0,0,0,0,0,0,1,0,0,1
B5,735,1,1,1,1,1,1,1,0,0,0,0,1
B5,736,1,0,1,0,1,0,0,0,0,1,1,1
B5,737,1,1,1,1,1,1,1,1,1,1,1,1
B5,738,1,1,1,0,1,0,0,0,0,0,1,0
B5,739,0,1,1,1,0,1,1,0,0,1,1,1
B5,740,0,1,0,0,1,0,0,0,0,0,0,0
B5,741,1,0,1,0,0,0,0,0,0,0,0,0
B5,742,1,1,1,1,1,1,1,0,1,1,1,1
B5,743,1,1,1,0,0,1,1,0,1,1,1,1
B5,744,0,1,1,0,1,1,1,1,1,1,1,1
B5,745,1,1,1,1,1,1,1,0,0,1,0,0
B5,746,0,1,1,0,0,1,0,0,0,1,1,0
B5,747,1,1,1,0,1,0,0,0,0,0,1,1
B5,748,1,1,1,0,1,1,1,1,1,1,1,0
B5,749,0,1,1,1,1,0,0,1,1,1,0,1
B5,750,0,0,0,1,1,1,0,1,1,1,0,1
B5,751,1,1,1,0,1,1,1,1,1,1,0,1
B5,752,0,1,0,0,0,0,0,0,0,0,1,0
B5,753,1,1,0,1,1,1,1,1,1,1,0,1
B5,754,1,1,1,1,1,1,1,1,1,1,1,1
B5,755,1,0,1,1,1,1,1,0,1,1,1,0
B5,756,0,0,0,0,0,0,0,0,0,1,0,0
B5,757,1,1,0,1,1,0,1,1,0,1,0,0
B5,758,1,0,1,0,1,0,1,0,0,0,1,1
B5,759,0,0,1,0,0,0,0,0,0,1,0,0
B5,760,1,1,1,1,0,1,0,0,0,0,0,0
B5,761,1,1,1,1,1,1,1,1,0,0,1,0
B5,762,1,1,0,0,0,0,1,0,1,0,0,0
B5,763,1,0,1,1,1,0,0,1,0,0,0,1
B5,764,1,0,1,1,1,1,1,0,0,0,1,1
B5,765,0,1,0,1,1,1,0,1,0,1,0,0
B5,766,1,0,1,1,0,0,1,1,1,1,0,0
B5,767,0,1,1,1,1,0,1,1,1,0,1,0
B5,768,1,1,1,0,1,1,1,0,0,1,0,1
B5,769,1,1,1,0,0,1,1,1,1,0,0,0
B5,770,1,0,1,1,1,1,1,1,0,1,1,1
B5,771,1,1,1,1,1,1,0,1,0,0,1,0
B5,772,1,1,1,1,1,1,1,1,1,1,0,0
B5,773,1,0,1,1,1,0,1,1,1,1,1,1
B5,774,1,1,1,0,1,1,0,0,1,1,0,0
B5,775,0,1,0,1,0,1,1,0,1,0,0,0
B5,776,1,1,1,1,0,1,0,1,1,1,1,0
B5,777,1,1,1,1,1,1,1,1,1,1,1,1
B5,778,1,1,1,1,1,1,1,1,1,1,1,1
B5,779,1,1,1,1,1,1,1,1,1,1,0,1
B5,780,0,1,0,1,0,1,1,1,0,1,1,1
B5,781,1,1,1,1,1,1,1,1,0,1,1,0
B5,782,1,1,1,1,0,1,1,0,0,0,0,0
B5,783,1,1,1,1,1,0,1,1,0,1,1,1
B5,784,1,1,0,1,0,0,0,0,0,0,0,0
B5,785,1,1,1,1,1,1,1,1,1,1,1,1
B5,786,1,1,1,1,1,1,1,1,1,1,1,1
B5,787,1,1,1,1,0,1,1,1,1,1,0,1
B5,788,0,0,1,1,0,0,0,0,0,0,0,1
B5,789,1,0,1,1,1,0,0,0,1,0,0,0
B5,790,1,1,1,1,1,1,1,1,1,1,1,1
B5,791,1,1,1,1,0,1,1,1,1,1,1,1
B5,792,1,1,1,1,1,1,0,0,1,0,0,1
B5,793,1,1,1,1,1,1,0,0,1,0,0,1
B5,794,1,0,1,1,1,1,0,0,0,0,1,0
B5,795,1,1,0,1,1,1,1,1,0,1,1,1
B5,796,1,1,1,1,1,0,1,1,0,1,1,1
B5,797,0,1,1,1,0,1,0,0,0,0,0,0
B5,798,0,1,1,1,1,0,1,0,0,1,0,0
B5,799,0,0,0,0,1,1,1,0,1,0,1,0
B6,0,1,1,1,1,1,0,0,1,1,0,1,0
B6,1,1,1,0,1,1,1,1,1,1,1,1,1
B6,2,1,1,1,1,1,1,1,1,1,1,1,1
B6,3,1,1,1,1,0,1,1,1,1,1,1,1
B6,4,1,1,0,1,1,1,1,1,1,1,0,0
B6,5,1,1,0,0,1,0,0,0,0,0,0,0
B6,6,0,1,1,0,0,1,1,1,1,1,0,1
B6,7,1,0,1,1,1,1,1,1,1,1,1,0
B6,8,1,1,1,1,1,1,1,1,0,1,1,1
B6,9,1,1,1,1,0,1,1,1,1,0,0,1
B6,10,1,1,1,1,1,1,0,1,1,1,1,0
B6,11,1,1,1,1,1,1,1,1,1,1,1,0
B6,12,1,1,1,1,0,0,1,1,1,1,1,0
B6,13,1,0,1,1,1,0,1,0,1,1,1,0
B6,14,0,1,1,1,1,1,0,1,1,1,0,0
B6,15,0,1,0,0,0,0,0,0,0,0,1,0
B6,16,1,1,1,1,1,0,0,1,0,1,1,1
B6,17,1,1,0,1,1,1,1,1,1,1,1,1
B6,18,0,1,1,1,0,1,1,1,0,1,1,0
B6,19,0,1,0,1,0,1,1,1,0,0,0,0
B6,20,1,1,1,1,1,0,0,0,0,1,0,0
B6,21,1,1,1,1,1,1,1,0,1,1,1,1
B6,22,1,0,0,1,1,1,0,1,1,0,1,1
B6,23,1,1,1,1,1,1,1,1,1,1,1,1
B6,24,1,1,1,0,1,1,0,1,1,1,0,1
B6,25,1,0,1,1,1,1,0,1,1,0,0,1
B6,26,1,1,1,0,1,0,1,0,0,1,0,0
B6,27,1,1,1,1,0,1,1,0,1,1,1,1
B6,28,1,1,1,1,1,1,1,1,1,1,1,1
B6,29,1,0,1,1,1,0,1,0,1,1,1,1
B6,30,1,1,1,1,1,1,1,1,1,1,1,1
B6,31,1,1,1,1,1,1,1,1,1,1,1,0
B6,32,0,0,1,1,0,1,0,0,1,0,0,0
B6,33,1,1,1,1,0,1,1,1,1,1,1,1
B6,34,1,1,1,1,1,1,1,0,1,1,1,0
B6,35,1,1,0,0,1,0,1,0,0,1,1,0
B6,36,1,1,1,0,1,1,1,1,1,1,0,0
B6,37,1,1,0,0,1,1,1,1,1,1,1,1
B6,38,1,1,0,1,1,1,1,1,1,1,0,1
B6,39,0,0,0,1,1,0,0,0,0,0,0,0
B6,40,1,0,0,1,1,0,0,1,1,0,1,1
B6,41,1,1,1,1,0,0,1,0,1,0,0,1
B6,42,0,0,1,1,1,0,0,0,1,0,0,0
B6,43,1,1,1,1,0,1,0,1,1,1,0,0
B6,44,1,1,1,1,1,1,1,0,1,0,0,0
B6,45,1,0,0,1,1,1,1,1,1,1,1,0
B6,46,1,0,0,0,0,1,0,0,0,0,0,0
B6,47,0,1,1,1,0,0,0,1,0,0,0,1
B6,48,1,1,1,1,1,1,1,1,1,1,1,1
B6,49,1,1,1,1,0,1,1,0,0,1,0,0
B6,50,1,1,1,1,0,1,1,0,0,1,0,0
B6,51,1,1,1,0,0,1,1,1,1,1,1,0
B6,52,1,1,1,0,0,0,1,0,1,0,0,1
B6,53,1,1,1,1,1,1,1,1,1,1,1,1
B6,54,1,1,1,1,1,1,0,1,1,0,1,1
B6,55,1,0,0,0,0,1,1,0,1,0,0,0
B6,56,1,1,1,1,1,1,1,1,1,1,1,1
B6,57,0,0,0,0,0,0,0,0,0,0,1,0
B6,58,1,1,1,1,0,0,1,1,0,1,1,0
B6,59,1,1,0,1,1,1,1,1,1,1,1,1
B6,60,0,1,1,1,1,1,0,0,0,1,1,1
B6,61,1,1,1,1,1,1,1,1,1,1,1,1
B6,62,1,1,1,0,1,0,1,1,0,1,1,1
B6,63,1,1,1,1,1,0,1,0,1,1,1,1
B6,64,1,1,1,0,1,1,1,1,0,1,0,0
B6,65,1,1,1,1,0,1,1,1,1,1,1,1
B6,66,1,1,1,1,1,1,1,1,1,1,1,1
B6,67,1,1,1,0,1,1,1,1,1,1,1,0
B6,68,1,1,1,1,1,1,1,1,1,1,1,0
B6,69,1,1,1,1,0,0,0,0,0,0,0,0
B6,70,0,1,1,0,0,0,0,1,1,1,0,1
B6,71,1,0,1,1,0,1,1,1,1,1,1,1
B6,72,1,1,1,1,1,1,1,0,0,0,1,1
B6,73,1,0,1,0,0,0,0,1,0,0,0,0
B6,74,0,0,0,1,1,0,1,1,1,1,1,0
B6,75,1,1,0,0,0,1,1,0,0,0,0,0
B6,76,0,1,1,1,0,0,0,0,1,0,0,0
B6,77,0,0,0,0,0,0,0,0,1,0,1,0
B6,78,0,0,0,1,0,0,0,0,0,0,1,0
B6,79,0,1,1,1,1,1,0,1,1,1,0,0
B6,80,1,0,1,1,0,0,1,0,1,0,0,1
B6,81,0,1,0,1,1,0,0,1,1,1,1,0
B6,82,1,1,1,0,1,1,1,1,0,1,0,1
B6,83,0,0,0,0,0,0,0,0,0,0,0,0
B6,84,1,1,1,1,1,1,1,1,1,1,1,0
B6,85,1,1,1,1,1,1,1,1,1,1,1,1
B6,86,0,1,1,1,1,1,1,1,0,1,1,0
B6,87,1,1,1,1,0,1,1,1,0,1,0,0
B6,88,1,1,1,1,1,0,0,0,0,1,0,0
B6,89,0,0,1,0,1,1,0,1,0,1,1,1
B6,90,0,0,1,1,1,0,0,1,0,0,0,1
B6,91,1,1,1,0,1,1,1,1,0,0,0,1
B6,92,1,1,1,1,1,1,1,1,1,1,0,1
B6,93,1,1,1,1,1,1,1,0,1,0,0,0
B6,94,1,1,1,1,1,1,1,1,1,0,1,0
B6,95,0,1,1,1,1,1,1,0,0,1,1,1
B6,96,1,0,0,1,1,0,0,0,1,0,0,0
B6,97,0,1,0,0,1,1,0,0,0,0,0,0
B6,98,1,1,1,1,1,1,1,0,1,1,1,0
B6,99,1,1,1,1,1,1,0,1,1,0,1,0
B6,100,1,0,1,1,1,1,0,1,0,1,0,0
B6,101,1,0,1,1,0,1,0,1,0,0,0,0
B6,102,1,0,1,0,0,1,0,0,0,0,0,0
B6,103,1,1,1,1,1,1,1,1,1,1,1,1
B6,104,0,1,1,1,0,1,1,1,1,1,1,0
B6,105,1,1,1,1,0,1,1,1,1,1,1,1
B6,106,1,1,0,0,0,1,0,0,0,1,0,0
B6,107,1,1,1,1,1,1,1,1,1,1,0,1
B6,108,0,0,0,1,1,1,0,1,1,0,1,1
B6,109,1,1,1,1,1,1,1,1,1,1,1,1
B6,110,1,1,1,1,1,1,1,1,1,1,1,0
B6,111,1,1,1,0,1,1,1,1,0,1,1,1
B6,112,1,1,1,1,1,1,1,1,1,1,1,1
B6,113,1,1,1,1,1,1,1,1,1,0,1,1
B6,114,1,1,1,1,0,1,1,0,1,0,1,1
B6,115,0,0,0,0,0,0,0,0,0,0,0,0
B6,116,1,0,0,1,0,1,0,1,0,0,0,1
B6,117,1,1,1,1,1,1,1,1,1,1,0,1
B6,118,0,0,1,1,1,0,0,0,0,1,0,0
B6,119,1,1,0,1,1,1,1,1,0,1,1,1
B6,120,1,0,1,1,1,1,1,1,1,0,1,1
B6,121,1,1,1,1,1,1,1,1,1,1,1,0
B6,122,1,1,1,1,1,1,1,1,1,1,1,1
B6,123,1,0,0,1,0,1,1,1,1,0,1,0
B6,124,0,1,1,1,0,1,1,1,1,1,1,0
B6,125,0,0,0,0,0,1,0,0,0,0,1,0
B6,126,0,1,1,1,1,1,1,1,1,1,1,1
B6,127,1,1,1,1,1,1,1,1,1,1,1,1
B6,128,1,1,1,1,1,0,1,1,1,1,1,1
B6,129,1,1,1,1,1,1,1,1,1,0,0,1
B6,130,1,1,1,1,1,1,1,1,1,1,1,1
B6,131,1,1,0,0,0,0,1,0,1,1,0,1
B6,132,1,1,1,1,0,0,0,0,0,0,0,0
B6,133,1,0,1,1,1,0,1,0,1,0,0,0
B6,134,1,1,1,1,1,1,0,1,1,1,1,1
B6,135,1,0,0,0,0,0,0,0,1,0,0,0
B6,136,0,1,1,1,1,0,1,1,0,0,0,0
B6,137,0,1,1,0,1,1,0,0,1,0,1,0
B6,138,1,1,1,1,1,1,1,1,1,1,1,1
B6,139,1,0,1,1,0,0,1,0,0,0,0,0
B6,140,1,1,1,1,1,1,1,1,1,1,1,1
B6,141,1,1,1,1,1,1,1,0,1,1,0,1
B6,142,1,1,1,1,1,1,1,0,1,1,1,0
B6,143,0,0,1,1,0,0,1,0,0,0,0,0
B6,144,1,1,0,0,0,0,0,0,1,0,0,0
B6,145,0,1,1,1,0,0,0,1,0,1,0,0
B6,146,0,0,1,1,1,0,0,0,0,0,1,0
B6,147,0,1,1,1,0,1,0,1,1,1,1,0
B6,148,1,1,1,1,1,0,1,1,1,1,1,1
B6,149,1,1,1,1,0,0,1,0,1,1,1,1
B6,150,1,1,1,1,1,1,1,1,1,1,1,1
B6,151,1,1,1,1,0,0,0,1,0,1,0,0
B6,152,1,1,1,1,1,1,1,1,1,1,1,1
B6,153,1,1,1,1,1,1,1,1,1,1,1,1
B6,154,1,1,0,1,0,1,1,1,0,1,1,0
B6,155,1,1,1,1,1,1,1,1,1,0,1,1
B6,156,1,1,1,1,1,1,1,1,1,1,1,1
B6,157,1,1,1,1,1,1,1,1,1,1,1,0
B6,158,1,1,0,1,0,1,0,0,0,0,0,0
B6,159,1,1,1,1,1,0,1,1,1,1,0,1
B6,160,1,1,1,1,0,1,0,0,0,0,0,1
B6,161,1,1,1,1,1,1,1,0,0,1,1,0
B6,162,1,1,1,1,1,1,1,1,1,1,1,0
B6,163,1,1,1,1,1,1,1,0,1,0,0,1
B6,164,1,0,0,1,1,1,1,1,1,1,1,1
B6,165,1,1,1,0,1,1,1,1,0,1,0,0
B6,166,1,1,1,1,1,1,0,0,1,0,0,0
B6,167,1,1,0,0,1,1,0,0,1,1,0,0
B6,168,0,0,0,0,0,0,0,0,1,0,0,0
B6,169,0,0,0,0,0,0,1,1,1,0,0,0
B6,170,1,1,1,1,1,1,1,0,0,1,0,0
B6,171,1,1,0,1,1,0,0,1,0,0,0,1
B6,172,1,1,1,1,1,1,1,1,1,0,0,1
B6,173,0,1,1,1,1,1,1,1,1,0,0,1
B6,174,1,1,1,1,1,1,1,1,1,1,1,1
B6,175,0,1,1,1,0,0,1,1,0,0,1,1
B6,176,0,1,1,1,0,1,1,1,0,1,0,1
B6,177,1,0,0,0,0,1,0,1,1,0,0,0
B6,178,1,1,1,1,1,0,1,1,0,1,1,0
B6,179,1,1,1,1,1,1,1,0,0,1,1,1
B6,180,1,1,1,1,1,1,1,1,0,0,0,1
B6,181,1,0,1,1,1,0,1,0,1,1,0,1
B6,182,1,0,1,1,0,1,0,0,0,0,1,0
B6,183,1,1,1,1,0,1,1,1,1,1,1,1
B6,184,1,1,1,1,1,1,1,0,1,1,1,1
B6,185,1,0,0,1,1,1,1,1,1,1,1,0
B6,186,1,1,1,1,1,1,0,1,1,1,1,1
B6,187,0,1,1,0,0,1,0,0,1,1,1,1
B6,188,1,1,1,0,1,0,0,1,0,0,1,0
B6,189,1,0,1,0,1,1,1,0,0,1,1,1
B6,190,0,0,0,1,1,0,0,0,1,1,0,1
B6,191,1,0,1,1,1,1,1,1,1,0,1,1
B6,192,0,1,1,1,1,1,1,1,1,1,1,0
B6,193,1,1,0,1,1,0,1,1,1,0,1,1
B6,194,1,1,1,0,1,1,1,1,0,1,1,1
B6,195,1,1,1,1,1,1,1,1,1,1,1,1
B6,196,1,1,1,1,1,0,1,1,1,1,1,1
B6,197,1,1,1,0,1,1,1,0,0,1,0,0
B6,198,1,1,1,1,1,1,1,1,1,1,1,1
B6,199,1,0,1,0,0,0,0,1,0,0,0,0
B6,200,0,0,0,0,0,0,0,1,0,0,0,0
B6,201,0,0,0,0,1,0,1,0,0,0,0,0
B6,202,0,0,0,0,0,0,0,0,0,0,0,0
B6,203,1,1,1,1,1,1,1,1,1,1,1,1
B6,204,0,1,1,1,1,1,1,0,0,0,1,0
B6,205,0,1,1,1,0,0,0,0,0,0,0,1
B6,206,1,1,1,1,1,1,1,1,1,1,1,1
B6,207,1,1,1,1,1,1,1,1,1,1,0,0
B6,208,1,1,1,1,1,1,1,1,1,0,0,1
B6,209,1,1,0,1,1,1,1,1,1,1,1,1
B6,210,1,1,1,0,1,1,1,0,1,1,1,0
B6,211,1,1,1,1,1,0,1,1,1,1,1,1
B6,212,1,0,1,1,1,1,1,1,1,0,1,1
B6,213,1,1,1,1,1,1,1,0,0,1,1,1
B6,214,1,1,1,1,1,1,1,1,0,1,1,1
B6,215,1,0,0,0,1,0,1,1,0,1,1,1
B6,216,1,1,1,1,1,1,0,0,0,0,0,0
B6,217,1,1,1,1,1,0,1,1,1,0,1,1
B6,218,1,1,1,1,1,1,1,1,1,0,0,1
B6,219,1,1,1,1,1,1,1,1,1,1,1,1
B6,220,0,0,0,0,1,0,0,0,0,0,0,0
B6,221,1,0,1,1,0,0,0,0,1,0,0,1
B6,222,0,1,1,1,0,0,1,0,0,1,0,0
B6,223,0,1,1,1,0,1,1,1,1,1,0,1
B6,224,1,0,0,1,1,0,0,0,1,1,1,1
B6,225,1,1,1,1,1,1,1,1,1,1,1,1
B6,226,0,0,0,0,0,0,0,0,0,0,0,0
B6,227,1,1,1,1,1,1,1,1,1,1,1,1
B6,228,1,0,1,1,1,1,1,0,1,0,1,0
B6,229,1,1,1,1,1,1,1,0,1,0,1,0
B6,230,1,1,1,1,1,0,1,1,1,0,1,1
B6,231,1,1,1,1,1,1,1,1,1,1,1,0
B6,232,1,1,1,1,1,1,1,1,1,1,1,1
B6,233,0,1,1,1,1,1,0,1,1,0,1,1
B6,234,1,1,1,1,1,1,1,1,1,1,1,1
B6,235,1,1,0,1,0,1,1,1,1,1,1,0
B6,236,0,1,1,0,1,0,0,0,1,0,1,1
B6,237,1,0,0,0,0,0,0,0,0,0,0,0
B6,238,1,0,1,1,1,1,0,1,1,1,1,1
B6,239,1,0,1,1,0,1,1,0,1,1,0,0
B6,240,0,1,1,1,1,1,1,1,1,1,1,0
B6,241,1,1,0,1,0,1,0,0,1,0,0,0
B6,242,1,1,1,1,1,1,1,0,1,0,1,0
B6,243,0,1,1,1,1,1,1,1,0,0,1,1
B6,244,1,1,0,0,1,0,1,0,0,1,1,0
B6,245,1,0,1,1,1,1,0,1,1,0,0,0
B6,246,0,1,1,0,0,1,1,1,0,0,0,0
B6,247,1,1,1,1,1,1,1,1,1,0,1,1
B6,248,0,0,0,0,0,0,0,1,0,0,0,0
B6,249,1,1,1,1,1,0,0,0,0,0,0,0
B6,250,0,0,0,1,0,1,1,0,0,1,0,0
B6,251,1,1,1,1,1,1,1,1,1,1,1,1
B6,252,1,1,1,1,0,0,1,0,0,1,1,1
B6,253,0,1,0,0,1,1,1,1,1,1,1,0
B6,254,0,0,1,0,0,0,0,1,0,0,0,0
B6,255,1,1,1,1,1,1,1,1,1,1,1,1
B6,256,1,0,0,0,0,0,1,0,0,0,0,0
B6,257,1,1,1,1,0,1,1,1,1,1,1,1
B6,258,1,1,1,1,1,1,1,1,1,1,1,1
B6,259,1,1,1,1,1,1,1,0,1,1,1,1
B6,260,1,0,0,1,1,1,1,1,1,0,0,1
B6,261,1,1,1,1,1,1,1,1,1,1,1,1
B6,262,1,1,1,1,1,1,1,1,1,1,1,1
B6,263,1,1,1,1,0,1,1,1,1,1,1,1
B6,264,1,1,1,0,1,1,1,1,0,1,1,0
B6,265,1,1,1,1,1,1,1,0,0,0,1,1
B6,266,0,0,0,0,1,0,0,1,0,0,0,0
B6,267,0,1,0,1,1,0,1,0,1,1,0,0
B6,268,1,1,1,1,1,1,0,1,1,1,0,1
B6,269,1,1,1,1,0,1,1,1,1,1,1,1
B6,270,1,1,1,1,0,0,1,1,0,1,1,0
B6,271,1,0,1,1,0,0,1,1,1,1,1,1
B6,272,0,1,1,0,0,0,0,1,0,1,0,0
B6,273,1,0,1,0,1,1,1,1,1,1,0,0
B6,274,0,1,0,0,1,0,1,0,1,0,0,0
B6,275,0,0,1,1,1,1,1,1,1,0,1,1
B6,276,1,1,1,1,1,1,1,1,0,0,0,0
B6,277,1,1,1,1,1,0,1,1,0,0,1,0
B6,278,0,1,1,1,0,1,0,0,1,0,0,0
B6,279,1,1,0,0,1,1,1,0,1,1,0,1
B6,280,1,1,1,0,1,1,1,1,1,1,1,1
B6,281,0,0,1,0,0,0,0,0,0,0,0,0
B6,282,1,1,1,0,1,1,0,1,1,1,0,1
B6,283,0,0,0,1,1,0,1,0,0,0,0,0
B6,284,0,1,0,1,0,0,1,0,1,0,0,0
B6,285,1,1,1,1,1,1,1,1,1,1,1,1
B6,286,1,1,1,1,1,1,1,0,1,1,0,1
B6,287,1,0,1,0,1,1,0,0,0,1,0,0
B6,288,1,1,1,0,1,0,1,0,1,0,1,0
B6,289,1,1,1,1,1,1,0,1,0,0,0,1
B6,290,1,1,1,0,1,1,0,1,1,0,1,0
B6,291,1,1,0,1,1,1,1,1,1,1,0,1
B6,292,1,1,1,0,0,1,0,0,1,0,0,0
B6,293,1,1,1,1,1,1,1,1,1,1,0,1
B6,294,0,1,1,1,0,1,0,0,0,1,1,1
B6,295,1,0,1,0,0,1,1,1,0,1,1,0
B6,296,1,1,1,1,1,1,1,1,0,1,1,1
B6,297,1,1,1,1,0,1,1,1,1,0,1,1
B6,298,1,0,1,1,0,1,0,0,0,0,0,0
B6,299,1,1,1,1,0,1,1,1,0,1,0,1
B6,300,1,1,1,1,1,1,1,1,0,1,1,1
B6,301,1,1,0,0,0,0,1,0,0,0,0,0
B6,302,1,1,1,1,1,1,1,1,0,1,0,1
B6,303,1,0,1,1,1,0,1,1,1,1,0,1
B6,304,1,1,0,0,0,0,0,0,1,1,0,0
B6,305,1,1,1,1,1,1,0,0,1,1,1,0
B6,306,1,1,1,1,1,1,1,1,1,1,1,1
B6,307,1,1,1,1,1,1,1,1,1,1,1,1
B6,308,1,1,1,0,0,0,1,0,0,1,0,0
B6,309,1,1,1,1,0,1,1,1,1,1,1,1
B6,310,1,1,0,1,1,0,0,1,1,1,0,0
B6,311,1,1,1,1,1,1,1,1,1,1,1,1
B6,312,1,1,1,1,1,1,1,1,1,1,1,1
B6,313,1,0,1,0,0,0,0,0,0,0,1,0
B6,314,0,1,1,1,1,0,0,1,1,1,0,1
B6,315,1,1,1,1,0,1,0,0,1,0,0,0
B6,316,0,1,0,1,0,1,1,0,0,0,1,0
B6,317,1,1,1,1,1,1,1,0,1,1,1,0
B6,318,1,1,0,1,1,0,0,1,1,1,0,0
B6,319,0,0,0,0,0,1,0,0,0,0,1,1
B6,320,1,1,1,1,1,1,1,1,1,1,0,1
B6,321,1,0,0,1,0,1,0,0,1,1,0,1
B6,322,1,1,1,1,1,1,0,0,1,1,0,0
B6,323,1,1,1,1,1,0,0,1,1,0,1,1
B6,324,1,1,1,1,1,0,1,0,1,0,0,1
B6,325,1,1,1,1,0,0,0,0,1,0,0,0
B6,326,1,1,1,1,1,1,1,0,0,1,1,1
B6,327,1,1,0,1,0,0,1,0,0,1,1,1
B6,328,0,0,1,0,1,1,1,1,0,0,0,0
B6,329,1,1,1,1,1,1,1,1,1,1,1,1
B6,330,1,1,0,1,1,1,1,1,1,1,1,1
B6,331,1,1,1,0,0,1,1,1,1,0,1,1
B6,332,0,0,0,0,0,1,0,0,1,0,0,0
B6,333,1,1,1,1,0,1,0,0,0,1,0,0
B6,334,1,0,0,1,0,0,1,0,0,0,0,0
B6,335,1,1,1,1,1,1,1,1,1,1,1,1
B6,336,1,1,1,1,1,1,1,0,1,1,1,1
B6,337,1,1,1,1,0,0,1,1,1,1,0,1
B6,338,1,1,1,1,1,1,1,0,1,1,1,1
B6,339,1,1,1,1,1,1,0,1,1,1,0,0
B6,340,0,1,1,1,1,1,1,1,1,0,1,1
B6,341,1,1,1,1,1,1,1,1,1,1,1,1
B6,342,1,0,1,1,1,1,1,1,1,0,1,0
B6,343,1,1,1,1,1,1,0,0,0,0,0,1
B6,344,1,0,1,0,0,0,1,1,0,0,0,0
B6,345,1,1,1,1,1,1,1,1,1,1,1,0
B6,346,1,0,1,1,1,0,0,1,0,0,1,0
B6,347,1,1,1,1,1,1,1,1,0,1,1,1
B6,348,1,1,0,1,1,1,1,0,0,1,1,0
B6,349,1,1,1,1,1,1,1,1,1,0,1,1
B6,350,1,1,1,1,1,1,1,1,1,1,0,0
B6,351,1,0,1,1,1,1,0,1,0,0,0,0
B6,352,0,0,0,0,0,1,0,0,0,0,0,0
B6,353,1,1,1,1,1,1,1,1,1,1,1,1
B6,354,1,0,0,0,0,0,1,0,0,0,0,0
B6,355,1,1,1,1,1,1,1,1,1,1,1,1
B6,356,0,0,0,0,0,0,0,0,0,0,0,0
B6,357,1,1,0,0,1,1,0,0,1,0,1,1
B6,358,1,1,1,1,1,1,1,1,1,1,1,1
B6,359,1,1,1,1,1,1,0,1,1,1,1,0
B6,360,1,1,1,1,0,1,0,0,1,0,0,0
B6,361,1,0,1,0,0,0,0,0,0,0,1,0
B6,362,1,1,0,1,1,0,1,1,0,0,1,0
B6,363,1,1,1,1,1,1,1,1,1,1,0,1
B6,364,1,0,1,1,0,1,1,0,1,1,1,1
B6,365,0,1,1,1,1,0,1,1,0,0,0,0
B6,366,1,1,1,1,1,1,1,0,1,1,1,1
B6,367,1,1,1,1,1,0,1,1,1,0,1,1
B6,368,0,0,0,0,0,0,0,0,0,1,1,0
B6,369,0,0,0,1,0,1,0,1,0,0,0,0
B6,370,1,0,1,0,1,0,1,0,0,0,0,0
B6,371,1,1,0,1,1,1,1,1,1,1,0,0
B6,372,1,1,1,1,1,1,1,1,1,1,1,1
B6,373,1,0,0,0,0,0,0,0,0,0,0,0
B6,374,1,1,0,1,1,1,0,1,1,1,0,1
B6,375,0,0,0,1,1,1,1,0,0,1,0,0
B6,376,1,1,1,1,1,1,1,1,1,1,1,1
B6,377,1,0,0,0,0,1,0,1,0,0,0,1
B6,378,1,1,1,1,1,1,1,1,0,1,1,1
B6,379,1,1,1,1,1,1,1,1,1,1,1,1
B6,380,1,1,1,0,1,1,0,0,0,1,1,1
B6,381,1,1,1,1,1,1,0,0,0,0,1,0
B6,382,0,1,0,1,0,0,0,0,0,1,0,0
B6,383,1,1,1,1,1,0,1,1,1,1,0,1
B6,384,0,0,1,1,1,1,1,1,0,0,0,0
B6,385,0,1,0,1,0,0,1,0,0,0,0,1
B6,386,0,1,1,1,0,1,0,0,1,1,0,0
B6,387,0,0,1,0,1,1,0,1,1,1,0,0
B6,388,0,1,0,1,0,0,0,0,0,0,0,0
B6,389,1,1,1,1,0,1,0,0,1,1,0,0
B6,390,1,1,0,1,0,0,0,1,1,0,0,0
B6,391,1,1,0,1,1,1,1,1,1,1,0,1
B6,392,1,1,1,0,1,1,1,1,1,0,0,0
B6,393,1,1,1,1,1,1,1,1,1,1,1,0
B6,394,1,1,1,1,1,1,1,1,1,1,1,1
B6,395,0,1,0,0,1,0,0,1,1,0,0,0
B6,396,1,0,1,1,1,0,1,1,1,1,0,1
B6,397,0,1,1,0,1,0,1,1,0,0,1,0
B6,398,1,1,1,0,1,1,1,1,1,0,0,1
B6,399,1,1,0,0,1,0,0,0,0,1,0,1
B6,400,0,1,0,1,0,0,1,1,0,0,0,0
B6,401,0,0,0,0,0,1,0,0,0,0,0,0
B6,402,0,1,1,0,1,1,1,1,0,0,1,0
B6,403,1,0,0,0,0,0,0,0,1,0,0,0
B6,404,1,0,0,0,0,0,0,0,0,0,0,0
B6,405,1,0,1,1,1,1,1,1,1,1,1,1
B6,406,1,1,1,1,0,0,1,1,1,0,0,0
B6,407,0,0,0,0,1,0,0,0,0,0,1,0
B6,408,0,1,1,0,1,1,1,1,1,1,1,1
B6,409,1,1,1,1,1,1,1,1,1,1,1,1
B6,410,1,1,0,0,1,0,0,0,0,0,0,0
B6,411,1,1,1,1,1,1,1,1,1,1,1,1
B6,412,1,1,1,0,1,1,1,0,1,1,1,1
B6,413,1,1,1,1,0,0,1,1,1,1,0,0
B6,414,1,1,0,1,1,1,0,1,1,0,0,1
B6,415,1,1,1,1,1,1,1,1,1,1,1,1
B6,416,1,0,1,0,1,1,1,0,0,1,1,0
B6,417,1,1,1,1,1,1,1,1,0,1,1,1
B6,418,1,1,0,0,1,0,0,0,0,0,0,0
B6,419,1,1,0,0,0,1,0,0,1,1,1,1
B6,420,1,0,1,0,1,1,0,0,1,0,1,1
B6,421,1,1,1,1,1,0,1,1,1,0,1,1
B6,422,1,1,0,1,1,1,1,1,1,1,1,0
B6,423,1,0,1,1,1,1,0,1,0,1,0,1
B6,424,1,1,0,1,1,1,0,0,0,0,0,0
B6,425,1,1,1,0,0,0,0,1,1,1,0,1
B6,426,1,1,1,1,1,1,1,1,1,1,1,1
B6,427,1,1,1,1,1,1,0,1,1,0,1,1
B6,428,1,1,0,1,1,0,0,1,1,0,0,1
B6,429,1,1,1,1,0,1,1,1,1,0,1,0
B6,430,1,1,1,1,1,1,1,1,1,1,1,0
B6,431,0,0,0,0,0,0,1,0,0,0,0,1
B6,432,0,1,0,1,1,0,0,0,1,0,0,1
B6,433,1,1,1,1,1,1,1,1,1,1,1,1
B6,434,1,1,1,1,1,1,1,1,1,1,1,1
B6,435,0,1,0,1,0,0,0,1,0,0,0,0
B6,436,1,1,1,1,1,1,1,1,1,1,1,1
B6,437,1,1,1,1,0,0,1,1,1,1,0,0
B6,438,1,1,1,1,1,1,1,1,1,1,1,1
B6,439,1,1,1,1,1,1,1,1,1,1,1,1
B6,440,1,1,1,1,1,1,1,1,1,1,0,1
B6,441,0,1,1,1,0,0,1,0,0,0,0,0
B6,442,1,1,0,1,1,1,1,0,0,1,0,0
B6,443,1,1,1,1,0,1,1,1,1,1,1,0
B6,444,1,1,1,1,1,1,1,0,1,1,1,1
B6,445,0,0,0,0,0,0,0,0,0,0,0,0
B6,446,0,1,1,1,1,0,1,1,1,0,1,1
B6,447,1,1,1,1,1,1,0,1,0,1,1,1
B6,448,1,1,1,1,1,1,1,1,1,1,1,1
B6,449,1,1,1,1,1,1,1,0,1,1,1,0
B6,450,0,0,1,1,1,1,0,0,0,0,0,1
B6,451,1,1,0,0,0,1,1,0,0,1,0,1
B6,452,1,1,1,1,1,1,0,1,1,0,0,1
B6,453,1,1,1,1,1,1,1,1,0,1,1,0
B6,454,1,1,1,1,1,1,1,1,1,1,1,1
B6,455,1,0,1,0,1,1,1,0,1,1,0,0
B6,456,1,1,1,1,0,1,1,1,0,1,1,0
B6,457,0,1,1,1,0,1,1,1,1,1,1,1
B6,458,1,1,0,0,1,1,1,0,0,0,0,0
B6,459,1,1,1,1,1,1,1,1,1,1,1,1
B6,460,0,0,1,0,0,0,1,0,0,0,0,0
B6,461,1,0,0,1,1,1,0,1,1,1,1,1
B6,462,1,1,0,0,0,1,0,0,0,1,0,0
B6,463,1,1,1,1,1,1,1,1,1,1,1,1
B6,464,1,1,1,1,1,1,1,0,1,0,1,1
B6,465,0,0,0,0,1,0,0,0,0,1,0,0
B6,466,1,1,1,1,1,0,1,0,0,1,0,0
B6,467,1,0,0,1,1,1,1,1,1,1,1,1
B6,468,0,1,1,0,0,0,0,0,1,0,0,0
B6,469,1,1,0,0,0,1,0,1,0,0,1,0
B6,470,1,1,1,1,1,1,1,0,1,1,0,0
B6,471,1,1,1,1,1,1,1,1,1,1,0,0
B6,472,1,1,1,1,1,1,1,1,1,1,1,1
B6,473,0,0,0,1,1,0,0,0,1,0,1,0
B6,474,1,1,0,1,1,1,0,1,1,1,0,1
B6,475,1,1,0,0,1,0,1,0,0,0,0,0
B6,476,1,1,1,1,1,1,0,1,1,1,1,1
B6,477,1,0,1,0,0,0,0,1,0,0,1,1
B6,478,1,1,1,1,1,1,1,1,0,1,1,1
B6,479,1,1,1,1,0,1,1,0,1,0,0,0
B6,480,1,1,0,1,1,1,1,1,1,0,1,1
B6,481,1,1,1,1,1,1,1,1,0,1,0,1
B6,482,1,1,1,1,1,0,1,1,1,1,1,1
B6,483,1,1,0,1,1,1,1,0,1,1,0,1
B6,484,1,1,1,1,0,1,0,1,1,1,1,0
B6,485,0,0,1,0,0,0,0,0,0,0,0,1
B6,486,1,1,0,1,1,1,1,1,1,0,1,1
B6,487,1,1,1,1,1,1,1,1,1,0,1,1
B6,488,1,1,1,1,1,1,1,1,1,0,1,1
B6,489,1,1,1,0,1,1,1,1,1,0,0,1
B6,490,0,1,1,0,0,0,1,0,1,0,0,0
B6,491,1,1,1,1,1,1,1,1,1,1,1,1
B6,492,1,1,1,1,1,1,1,1,1,1,1,1
B6,493,1,1,1,1,1,0,1,1,1,0,0,0
B6,494,1,1,1,1,1,1,1,1,1,0,0,1
B6,495,1,1,1,0,0,0,1,1,0,0,0,0
B6,496,0,1,1,0,0,0,0,1,1,0,0,0
B6,497,1,1,1,1,0,0,0,0,0,0,0,0
B6,498,1,1,1,1,1,1,1,0,0,1,1,0
B6,499,1,1,1,1,1,1,1,1,1,1,1,1
B6,500,1,1,1,1,1,1,1,1,1,1,1,1
B6,501,1,1,1,1,1,1,1,1,1,1,1,1
B6,502,1,1,1,1,1,1,1,1,1,1,1,0
B6,503,1,1,1,1,1,1,1,1,1,1,1,1
B6,504,1,1,1,1,1,1,1,1,1,1,1,1
B6,505,1,1,1,1,1,1,1,1,1,1,1,1
B6,506,1,1,1,1,1,1,1,1,1,1,0,0
B6,507,0,1,1,1,1,0,0,1,1,1,0,1
B6,508,0,0,1,1,1,0,0,1,0,0,1,0
B6,509,1,1,1,1,1,0,1,0,1,0,1,0
B6,510,1,1,1,1,1,1,1,1,1,1,1,1
B6,511,1,1,1,1,1,1,1,1,1,0,1,1
B6,512,1,0,1,1,1,1,0,1,0,1,1,0
B6,513,1,0,1,1,0,0,0,1,0,0,0,0
B6,514,1,1,1,1,1,1,0,1,1,1,1,1
B6,515,1,1,0,0,0,1,1,1,0,0,0,0
B6,516,1,1,1,0,0,0,1,0,0,0,0,0
B6,517,1,1,1,1,1,1,1,1,0,1,1,1
B6,518,1,0,1,0,0,1,0,1,0,1,0,1
B6,519,1,1,1,1,1,1,1,1,0,1,1,1
B6,520,1,1,1,1,1,1,1,1,1,1,1,1
B6,521,1,1,1,1,1,1,1,1,1,0,1,1
B6,522,1,0,1,1,0,1,1,1,1,1,0,0
B6,523,1,1,1,1,1,0,1,1,1,1,1,1
B6,524,0,1,0,1,0,1,0,0,0,0,0,0
B6,525,1,1,1,1,1,1,1,1,1,1,1,1
B6,526,1,0,1,0,0,0,1,1,0,0,0,0
B6,527,0,1,0,1,0,1,1,1,1,0,0,0
B6,528,1,1,1,1,1,1,1,1,1,1,1,1
B6,529,1,1,1,1,1,1,1,1,1,1,0,0
B6,530,1,1,1,1,1,1,1,1,1,1,1,1
B6,531,1,1,0,1,1,1,1,1,1,0,1,1
B6,532,1,1,1,1,0,1,1,1,1,1,1,1
B6,533,1,0,1,0,1,0,1,1,1,0,0,0
B6,534,0,0,1,0,0,1,0,0,0,0,0,0
B6,535,1,1,1,1,1,1,1,1,1,1,1,1
B6,536,1,1,1,0,1,1,1,1,1,0,1,1
B6,537,1,1,1,1,1,1,1,0,1,1,1,1
B6,538,1,1,1,1,1,1,1,1,1,1,1,1
B6,539,1,1,1,0,1,1,0,1,0,1,0,0
B6,540,1,1,0,1,1,1,0,0,0,0,1,0
B6,541,1,1,0,0,0,1,0,0,0,0,0,0
B6,542,1,1,1,0,0,0,0,0,0,1,0,0
B6,543,0,0,0,1,0,1,0,1,0,0,0,0
B6,544,0,1,0,0,1,1,1,0,0,1,0,0
B6,545,1,1,1,0,1,0,1,0,0,0,0,0
B6,546,1,1,1,1,1,1,1,1,1,1,0,1
B6,547,1,1,1,1,1,1,1,1,1,1,1,1
B6,548,1,0,0,0,0,0,0,0,0,0,0,0
B6,549,1,1,0,0,0,1,0,0,1,0,1,1
B6,550,1,1,1,1,1,1,1,1,1,1,1,1
B6,551,1,1,1,1,1,0,0,0,0,0,0,1
B6,552,1,1,0,0,0,1,0,0,0,0,1,1
B6,553,0,0,1,1,0,1,0,1,0,1,1,0
B6,554,0,1,1,1,1,0,1,1,1,0,1,0
B6,555,0,0,1,0,0,0,1,0,0,0,1,0
B6,556,0,0,0,0,0,0,0,0,0,0,0,0
B6,557,1,1,1,1,1,1,1,1,1,1,1,1
B6,558,1,1,1,1,0,0,0,0,1,1,0,0
B6,559,1,1,1,1,1,1,1,1,0,0,1,1
B6,560,0,0,0,0,0,0,0,0,0,0,0,0
B6,561,0,0,1,1,0,1,0,0,1,0,0,0
B6,562,0,0,0,0,0,0,0,0,0,0,0,1
B6,563,1,1,1,1,0,0,1,0,0,0,0,0
B6,564,1,1,1,1,0,1,1,1,0,1,1,1
B6,565,1,1,1,0,1,1,1,1,1,1,0,1
B6,566,1,1,0,0,1,0,1,1,0,1,0,1
B6,567,1,1,1,1,1,1,1,1,0,0,1,0
B6,568,1,0,1,0,1,0,1,1,1,1,0,0
B6,569,1,1,1,1,1,0,1,1,1,1,1,1
B6,570,0,1,0,1,1,0,0,1,0,0,1,0
B6,571,1,0,1,1,1,1,1,1,1,1,1,1
B6,572,1,1,1,1,1,1,1,0,1,0,0,0
B6,573,1,1,0,0,0,0,0,0,0,0,0,0
B6,574,1,1,1,1,0,1,1,1,1,1,1,1
B6,575,0,1,1,1,1,1,1,1,0,1,1,1
B6,576,1,1,1,1,1,0,0,1,1,0,0,0
B6,577,1,0,0,0,0,0,0,0,0,0,1,0
B6,578,1,0,1,1,1,1,1,1,0,0,1,0
B6,579,1,1,1,1,1,1,1,1,1,1,1,0
B6,580,1,0,1,1,1,1,1,1,0,0,1,1
B6,581,1,1,1,0,1,1,0,1,0,0,0,1
B6,582,0,0,1,0,0,0,0,1,0,0,0,0
B6,583,0,1,1,1,0,1,0,1,0,0,1,1
B6,584,1,1,1,1,0,1,1,1,0,0,0,1
B6,585,1,1,0,1,1,1,1,1,1,1,0,1
B6,586,1,1,1,1,1,0,1,1,1,1,0,1
B6,587,1,1,1,1,1,1,0,0,1,0,1,0
B6,588,1,1,1,1,1,1,1,1,1,1,1,1
B6,589,1,1,1,1,1,1,1,1,1,1,1,1
B6,590,1,1,1,1,1,1,1,1,1,1,0,1
B6,591,1,0,1,1,1,1,0,1,1,1,1,1
B6,592,1,1,1,1,0,1,0,1,1,1,1,1
B6,593,1,1,0,1,1,0,1,1,1,1,1,0
B6,594,1,1,0,1,1,1,1,0,0,1,0,1
B6,595,1,1,1,1,1,1,1,0,1,1,1,1
B6,596,0,0,0,1,1,1,0,1,0,0,1,1
B6,597,1,0,1,1,1,1,1,1,1,1,0,0
B6,598,1,1,0,1,1,0,1,1,1,1,0,0
B6,599,1,0,0,0,1,0,0,1,1,1,0,0
B6,600,1,0,1,1,1,1,1,1,1,1,1,0
B6,601,1,1,1,0,1,1,1,1,1,1,1,1
B6,602,1,1,1,0,1,0,1,1,1,0,1,1
B6,603,0,0,0,0,1,0,0,1,0,0,0,0
B6,604,0,0,0,0,1,0,0,0,0,0,1,0
B6,605,1,1,1,1,1,1,1,1,1,1,1,1
B6,606,1,1,1,1,0,1,1,1,1,0,0,1
B6,607,1,0,1,1,1,1,0,0,1,1,0,0
B6,608,1,0,0,0,1,0,1,0,1,1,1,0
B6,609,1,0,1,0,0,0,0,0,0,0,0,0
B6,610,0,1,1,1,1,0,1,0,1,1,1,1
B6,611,1,1,1,1,1,0,1,1,1,1,1,1
B6,612,1,1,1,1,1,0,1,0,1,1,0,1
B6,613,0,0,0,1,0,0,0,1,0,0,0,1
B6,614,1,1,1,1,1,1,1,1,0,1,1,0
B6,615,1,1,1,1,1,0,1,0,1,1,0,1
B6,616,1,0,0,1,1,1,0,0,1,0,1,0
B6,617,1,0,1,1,1,1,0,1,1,1,1,0
B6,618,0,1,1,1,1,0,1,1,0,1,1,1
B6,619,1,0,1,0,1,0,0,0,0,0,0,0
B6,620,1,1,1,1,1,0,0,1,1,0,1,0
B6,621,1,1,1,1,1,1,1,0,1,1,1,1
B6,622,1,1,1,1,1,1,1,1,0,1,1,1
B6,623,1,1,1,1,1,1,1,1,1,0,1,0
B6,624,1,1,1,1,0,1,1,1,0,1,1,0
B6,625,1,1,1,1,0,1,0,0,0,0,0,0
B6,626,1,0,0,0,0,1,1,0,0,0,0,0
B6,627,1,1,1,1,1,1,1,1,1,1,1,1
B6,628,1,1,1,1,0,0,1,0,1,0,1,1
B6,629,0,1,0,0,1,1,0,1,1,0,0,0
B6,630,1,1,1,1,1,0,1,1,1,1,1,1
B6,631,1,1,1,1,1,1,1,1,1,1,1,1
B6,632,1,1,1,1,1,1,1,1,1,1,1,1
B6,633,0,1,1,0,1,0,0,0,0,1,1,0
B6,634,1,1,1,0,1,1,1,1,1,1,1,1
B6,635,1,0,1,1,1,1,0,1,1,0,1,1
B6,636,1,1,1,1,1,0,1,0,1,1,0,1
B6,637,0,0,1,1,1,1,1,0,1,1,1,0
B6,638,1,1,1,1,0,1,1,1,1,1,1,0
B6,639,1,1,1,1,1,1,1,1,1,1,1,1
B6,640,1,0,1,1,1,0,0,0,1,0,0,1
B6,641,1,1,1,1,1,1,1,1,1,1,1,1
B6,642,1,0,0,1,1,0,1,0,0,0,0,0
B6,643,1,1,1,1,1,0,0,1,1,1,1,1
B6,644,1,1,1,1,1,1,1,1,1,0,0,1
B6,645,1,1,1,1,1,1,1,1,0,1,1,0
B6,646,1,0,1,1,0,0,0,0,1,1,0,0
B6,647,1,1,1,1,1,1,1,0,1,1,1,1
B6,648,1,1,1,1,0,0,0,0,0,0,0,0
B6,649,1,1,1,1,1,1,1,1,1,0,1,1
B6,650,1,1,1,1,1,1,1,1,1,1,1,1
B6,651,0,0,0,0,1,0,0,0,1,0,0,0
B6,652,1,1,1,1,1,1,1,0,1,1,1,0
B6,653,0,1,0,1,1,0,0,1,0,1,0,0
B6,654,1,1,1,1,1,1,1,1,1,1,1,1
B6,655,0,1,1,0,1,1,0,1,0,1,0,1
B6,656,0,1,1,0,0,0,0,0,0,0,0,0
B6,657,1,1,1,1,1,0,1,1,1,0,0,1
B6,658,1,1,1,1,1,1,1,1,1,0,1,1
B6,659,1,1,1,1,0,1,0,1,0,1,1,1
B6,660,1,0,1,1,1,0,0,0,0,1,0,0
B6,661,1,1,1,0,1,1,0,1,0,0,0,0
B6,662,1,1,1,1,1,1,0,1,0,1,1,0
B6,663,1,0,1,0,1,1,0,1,0,0,0,1
B6,664,1,0,1,1,1,1,1,1,1,1,0,1
B6,665,0,0,1,1,0,1,0,0,0,0,0,0
B6,666,1,0,1,0,1,0,1,0,0,0,0,0
B6,667,1,1,0,1,1,0,1,1,0,1,0,1
B6,668,0,0,0,0,0,0,0,1,0,0,1,0
B6,669,1,0,1,1,0,0,1,0,1,1,0,1
B6,670,1,0,0,1,1,1,1,1,1,1,0,1
B6,671,1,1,1,1,0,1,1,1,1,0,1,0
B6,672,1,1,1,1,1,1,1,1,0,1,1,1
B6,673,0,1,1,0,0,1,0,0,0,0,0,0
B6,674,1,1,1,1,1,0,1,0,0,0,1,0
B6,675,0,1,1,0,1,1,0,0,0,0,0,0
B6,676,1,1,1,1,1,1,1,1,1,1,1,1
B6,677,1,0,1,0,0,0,0,0,0,0,0,0
B6,678,1,1,1,1,1,0,1,1,1,1,1,1
B6,679,0,1,0,1,1,1,0,1,1,0,1,0
B6,680,1,1,1,1,1,1,1,1,1,1,1,1
B6,681,1,1,1,1,0,1,1,1,0,0,1,0
B6,682,1,1,1,1,0,1,1,1,1,1,1,1
B6,683,1,1,1,1,1,0,1,0,1,0,1,0
B6,684,1,1,1,1,1,1,0,1,1,1,1,1
B6,685,1,0,0,1,1,1,0,1,1,0,0,0
B6,686,1,1,1,1,1,1,1,0,1,1,1,1
B6,687,0,1,1,0,1,0,1,1,1,1,1,0
B6,688,1,0,1,1,1,1,1,0,0,0,1,1
B6,689,0,1,0,0,0,0,0,0,0,0,0,0
B6,690,1,1,1,1,1,1,0,1,0,1,1,0
B6,691,1,1,1,1,1,1,1,1,1,1,1,1
B6,692,0,1,1,1,1,1,1,1,0,1,1,1
B6,693,0,1,0,1,1,1,0,0,0,0,0,0
B6,694,1,1,1,1,1,1,1,0,1,1,1,1
B6,695,1,1,1,1,1,1,1,1,1,1,1,0
B6,696,1,1,1,1,1,1,1,0,1,1,1,1
B6,697,1,1,1,1,1,1,1,1,1,1,1,0
B6,698,0,1,0,0,0,0,0,1,1,1,0,0
B6,699,1,0,0,1,0,1,1,1,1,1,1,1
B6,700,1,1,1,1,1,1,1,1,1,1,1,1
B6,701,0,1,0,0,0,0,0,0,0,0,0,0
B6,702,0,1,1,1,0,1,0,0,1,0,0,0
B6,703,1,1,1,0,1,1,1,1,1,1,1,1
B6,704,1,1,1,1,1,0,1,0,0,0,1,0
B6,705,1,0,1,1,1,1,1,1,1,1,0,0
B6,706,1,0,0,0,1,0,1,0,0,1,0,0
B6,707,0,1,1,1,1,1,1,0,1,0,1,1
B6,708,1,1,1,1,1,1,0,1,1,1,1,0
B6,709,1,0,1,1,1,1,1,1,1,0,1,0
B6,710,1,1,1,0,1,1,0,0,1,1,0,0
B6,711,0,1,1,1,1,0,0,0,1,1,1,1
B6,712,1,1,1,1,1,1,1,1,1,1,1,1
B6,713,1,1,1,1,1,1,1,1,1,1,1,1
B6,714,1,1,1,1,1,1,1,1,1,0,1,1
B6,715,0,1,0,1,0,1,1,1,0,0,0,0
B6,716,0,1,1,1,0,1,1,0,1,1,1,1
B6,717,1,1,1,1,1,1,1,1,1,0,1,1
B6,718,1,1,0,1,1,1,0,0,1,1,0,1
B6,719,1,1,0,1,1,1,1,1,0,0,1,0
B6,720,0,1,0,1,0,0,1,0,0,0,0,0
B6,721,0,1,1,1,0,0,0,1,0,1,0,1
B6,722,1,1,1,1,1,1,1,1,1,1,1,1
B6,723,1,1,1,1,0,1,1,0,1,1,0,1
B6,724,1,1,1,1,0,1,1,1,1,1,0,1
B6,725,1,1,1,1,1,1,1,0,0,0,0,1
B6,726,1,1,1,1,1,1,1,1,1,1,1,1
B6,727,1,1,1,1,1,1,1,1,0,1,1,1
B6,728,0,1,0,1,1,0,0,1,0,0,0,0
B6,729,1,1,0,1,0,0,1,1,0,1,1,0
B6,730,1,1,1,1,1,1,1,1,1,1,0,1
B6,731,1,1,1,1,1,1,1,0,0,1,0,0
B6,732,1,1,1,1,1,1,1,1,0,1,1,1
B6,733,1,1,0,0,1,1,1,1,1,1,1,1
B6,734,0,1,0,0,0,0,0,1,0,0,0,0
B6,735,1,1,1,1,1,1,1,1,1,1,1,1
B6,736,1,0,1,1,1,0,1,1,1,1,0,0
B6,737,1,0,1,0,0,0,1,0,1,0,1,1
B6,738,1,1,1,1,1,1,1,1,1,1,1,1
B6,739,1,1,1,1,1,1,1,1,1,1,0,0
B6,740,1,1,1,1,1,0,1,1,1,1,1,1
B6,741,1,1,1,1,1,1,1,1,1,1,1,1
B6,742,1,0,0,1,1,0,1,0,0,0,0,0
B6,743,1,1,1,1,0,1,1,0,0,1,0,1
B6,744,1,1,0,1,1,0,1,0,0,1,1,1
B6,745,1,1,1,1,1,1,1,1,1,1,0,1
B6,746,0,0,1,0,1,1,1,1,1,0,1,1
B6,747,0,0,1,0,0,0,0,1,0,0,1,0
B6,748,0,0,0,0,1,0,0,0,0,0,0,0
B6,749,1,1,1,1,1,1,1,1,1,1,1,1
B6,750,1,0,1,1,1,0,1,1,1,0,1,0
B6,751,1,1,1,1,1,0,1,0,1,1,0,1
B6,752,1,1,1,1,1,1,0,1,1,1,1,1
B6,753,1,0,0,1,1,1,1,1,0,1,0,1
B6,754,1,1,0,1,0,0,1,0,0,0,0,0
B6,755,1,1,1,1,1,1,1,1,1,1,1,0
B6,756,0,1,0,0,1,0,1,1,1,0,0,1
B6,757,1,1,1,0,1,1,1,1,1,1,1,1
B6,758,1,1,1,1,1,1,1,1,1,1,1,1
B6,759,1,1,1,1,0,1,1,0,1,0,0,1
B6,760,1,0,1,1,1,1,1,1,0,1,0,1
B6,761,1,1,1,1,1,1,1,1,1,1,1,0
B6,762,1,0,1,0,0,0,1,0,0,1,0,0
B6,763,1,1,0,1,1,1,1,1,1,1,1,1
B6,764,1,0,0,1,1,1,1,0,0,1,0,0
B6,765,1,1,0,1,1,1,0,1,0,1,1,1
B6,766,1,1,1,1,1,0,1,1,1,1,0,1
B6,767,1,1,1,1,1,1,0,1,1,1,0,0
B6,768,1,0,1,1,1,1,1,1,1,1,1,0
B6,769,1,1,1,0,1,1,1,1,1,0,1,1
B6,770,1,0,0,1,0,1,0,0,1,1,0,0
B6,771,1,0,1,1,1,1,1,1,1,0,0,0
B6,772,1,1,1,1,1,1,1,1,1,1,1,1
B6,773,1,1,0,1,1,1,1,1,0,0,0,0
B6,774,0,0,0,0,0,0,1,0,0,0,0,0
B6,775,1,1,1,1,1,1,1,1,1,1,1,1
B6,776,0,1,1,0,1,1,1,0,0,0,0,1
B6,777,1,1,1,1,1,1,1,1,0,0,1,0
B6,778,1,1,0,0,1,0,1,1,1,1,1,0
B6,779,1,1,1,1,1,1,1,1,1,0,1,0
B6,780,1,1,1,1,1,1,1,0,1,1,1,1
B6,781,1,1,0,1,0,0,1,1,0,0,0,1
B6,782,1,1,1,1,1,1,1,1,1,0,0,1
B6,783,1,1,1,1,1,1,1,1,1,1,1,1
B6,784,0,0,0,1,1,1,0,1,1,1,0,1
B6,785,1,1,0,0,0,1,1,1,1,0,0,0
B6,786,1,1,1,1,1,1,1,1,1,1,1,1
B6,787,1,0,0,1,1,1,1,1,1,1,1,0
B6,788,1,1,0,1,1,1,1,1,0,1,1,0
B6,789,1,1,1,1,0,1,1,1,1,1,1,1
B6,790,1,1,1,1,1,1,1,1,1,1,1,1
B6,791,1,1,1,1,1,1,1,1,1,1,1,0
B6,792,1,0,0,1,0,1,0,0,0,1,0,0
B6,793,1,1,1,0,1,1,1,1,1,1,1,1
B6,794,0,1,1,1,1,1,1,1,0,1,1,0
B6,795,1,0,0,0,0,1,0,0,0,0,0,0
B6,796,0,1,1,1,0,0,0,0,0,0,0,0
B6,797,1,1,1,1,1,1,1,1,1,1,1,1
B6,798,1,1,1,1,1,1,1,1,1,1,0,1
B6,799,1,1,1,1,1,0,1,1,1,0,0,0
B6,800,1,1,1,1,0,0,1,0,0,1,1,0
B6,801,1,1,1,1,1,1,1,0,0,1,0,1
B6,802,0,1,0,1,0,1,0,0,0,0,0,0
B6,803,1,0,1,1,0,0,0,0,0,0,1,1
B6,804,1,1,0,1,1,1,1,0,0,1,1,0
B6,805,1,1,1,1,1,0,1,1,0,1,1,1
B6,806,1,0,1,1,1,0,0,1,1,0,1,0
B6,807,1,0,0,0,0,0,0,0,0,0,0,0
B6,808,1,1,1,1,1,1,1,1,1,1,0,0
B6,809,1,0,1,1,1,1,1,1,1,0,1,0
B6,810,0,1,1,0,1,0,0,0,0,0,0,0
B6,811,1,1,1,1,1,0,0,0,1,1,0,0
B6,812,1,1,0,1,1,1,1,1,1,1,1,0
B6,813,1,1,1,1,1,1,1,1,1,1,1,1
B6,814,1,1,1,1,1,1,1,0,1,1,1,1
B6,815,1,1,1,1,1,1,1,1,1,1,1,1
B6,816,0,0,0,0,1,0,1,0,1,0,0,1
B6,817,0,0,0,0,0,0,0,1,0,0,0,0
B6,818,0,1,0,1,1,1,1,0,1,0,0,0
B6,819,1,1,0,1,1,0,0,0,0,0,1,0
B6,820,1,1,1,1,0,0,1,0,0,1,0,1
B6,821,1,1,1,1,0,1,1,1,1,0,1,1
B6,822,1,1,1,1,1,1,0,1,1,1,1,1
B6,823,0,0,0,1,0,1,0,1,1,0,0,0
B6,824,1,1,0,1,0,0,0,0,1,1,0,0
B6,825,1,0,1,1,1,0,0,0,1,0,0,1
B6,826,1,1,1,1,1,1,1,0,1,1,0,1
B6,827,1,1,1,1,0,1,1,1,1,0,1,0
B6,828,1,1,1,1,0,0,1,1,0,1,1,0
B6,829,1,0,1,1,1,1,1,1,1,1,1,1
B6,830,1,1,0,1,1,1,1,0,1,0,1,1
B6,831,0,1,1,1,1,1,1,1,1,1,1,0
B6,832,0,1,0,1,1,1,1,0,1,1,0,0
B6,833,1,1,1,1,0,1,1,0,1,0,0,0
B6,834,1,1,1,1,1,1,1,1,1,1,1,1
B6,835,1,0,1,0,0,0,0,1,1,1,0,0
B6,836,0,0,1,1,1,1,1,1,1,1,1,1
B6,837,1,1,1,1,1,1,0,1,1,1,1,1
B6,838,1,1,1,1,1,1,0,0,1,0,1,0
B6,839,1,1,0,1,1,1,1,1,0,0,0,1
B6,840,1,1,1,1,1,1,1,1,1,1,1,1
B6,841,1,1,1,1,0,1,1,1,1,1,0,0
B6,842,1,1,1,1,1,1,1,1,1,1,1,1
B6,843,1,1,1,1,1,1,1,1,1,1,1,1
B6,844,1,1,1,0,1,0,1,1,1,1,0,1
B6,845,1,1,1,0,1,1,0,1,1,0,0,1
B6,846,1,0,1,1,0,0,0,0,0,0,0,0
B6,847,1,1,1,0,1,1,1,1,0,1,1,1
B6,848,1,1,1,1,1,1,1,1,1,1,1,1
B6,849,1,1,1,0,1,1,1,0,0,1,0,1
B6,850,1,1,1,1,1,1,1,1,0,0,1,1
B6,851,1,1,1,1,1,1,1,1,1,1,0,1
B6,852,1,1,1,1,1,1,0,0,1,1,0,0
B6,853,1,1,1,1,1,1,1,1,1,0,0,0
B6,854,1,1,1,1,1,0,1,1,1,1,0,1
B6,855,0,1,1,0,0,0,1,0,1,0,1,1
B6,856,1,1,0,1,1,1,1,1,1,0,1,1
B6,857,1,1,1,1,1,1,1,1,1,1,1,1
B6,858,1,1,0,1,0,1,1,1,1,0,0,0
B6,859,1,0,0,1,1,1,1,0,1,1,1,1
B6,860,0,1,0,0,1,1,1,1,0,1,0,1
B6,861,1,1,1,0,1,1,1,1,1,0,1,1
B6,862,1,1,1,1,1,1,1,0,1,1,1,1
B6,863,1,1,1,1,1,1,1,1,1,1,1,1
B6,864,0,1,1,1,0,1,1,0,1,1,1,1
B6,865,0,1,1,0,1,1,1,1,1,0,0,1
B6,866,1,1,1,1,0,0,1,1,1,0,0,1
B6,867,0,0,1,1,1,0,0,0,1,0,0,0
B6,868,1,1,1,1,0,0,1,1,1,0,1,0
B6,869,1,1,1,1,1,1,0,1,1,1,1,1
B6,870,1,1,1,1,0,1,1,1,0,1,0,0
B6,871,1,1,1,1,1,1,1,1,0,1,1,1
B6,872,1,1,1,1,1,1,0,1,1,1,0,0
B6,873,0,1,1,1,1,1,1,1,1,0,0,0
B6,874,1,1,1,1,0,1,1,0,1,0,1,1
B6,875,1,0,1,0,1,0,0,0,0,0,0,0
B6,876,1,1,0,1,1,1,0,1,0,1,0,0
B6,877,1,1,1,0,0,1,1,0,1,1,0,1
B6,878,1,0,0,0,1,1,1,0,1,0,0,0
B6,879,1,1,1,1,1,1,1,1,1,1,1,1
B6,880,0,0,0,0,1,0,0,1,0,0,1,0
B6,881,1,1,1,1,1,1,1,1,0,0,1,0
B6,882,1,0,0,0,1,1,0,0,0,0,0,0
B6,883,0,0,0,0,0,1,0,0,0,0,0,1
B6,884,1,0,1,1,1,1,1,1,1,1,1,1
B6,885,1,1,1,1,0,1,1,1,0,1,0,0
B6,886,1,1,0,0,0,0,0,1,0,0,1,1
B6,887,1,0,1,1,1,1,1,1,1,1,1,1
B6,888,0,1,0,1,1,1,1,0,0,1,0,0
B6,889,1,1,1,1,1,1,0,1,1,1,0,1
B6,890,1,0,1,1,1,1,0,1,1,0,1,1
B6,891,0,0,1,0,1,1,0,1,0,0,0,0
B6,892,1,1,1,1,0,1,0,1,1,0,1,0
B6,893,1,1,1,0,1,1,1,0,0,1,0,0
B6,894,1,1,1,1,1,1,1,1,0,0,1,1
B6,895,0,0,1,0,0,1,0,1,0,0,0,0
B6,896,1,1,0,0,0,0,0,0,0,1,0,0
B6,897,1,1,1,1,1,1,1,1,1,1,0,0
B6,898,1,1,1,0,1,1,0,1,0,0,0,0
B6,899,1,0,1,1,1,0,1,0,1,0,0,0
B6,900,1,1,1,1,1,1,1,1,1,1,1,1
B6,901,1,0,1,1,1,0,1,0,0,0,0,0
B6,902,1,1,1,1,1,1,1,0,0,1,1,0
B6,903,1,1,1,1,1,1,1,1,1,1,0,1
B6,904,1,1,1,0,0,1,0,1,0,1,1,1
B6,905,0,1,1,1,1,1,0,1,1,1,0,0
B6,906,1,1,1,1,0,0,1,0,1,1,0,1
B6,907,1,1,1,0,0,0,0,0,0,0,1,0
B6,908,0,1,1,1,1,1,1,1,1,0,1,1
B6,909,1,1,1,1,1,1,1,1,0,0,1,1
B6,910,1,1,1,1,1,1,1,1,1,1,1,1
B6,911,0,0,1,1,1,1,1,1,1,1,1,1
B6,912,1,1,1,1,1,1,1,1,1,1,0,1
B6,913,1,1,1,1,0,0,1,1,1,1,0,0
B6,914,0,1,0,0,1,1,0,0,0,0,0,0
B6,915,1,1,1,1,1,1,1,1,1,1,1,1
B6,916,1,1,1,0,0,1,1,1,0,1,0,0
B6,917,1,1,1,1,1,1,1,1,1,1,1,0
B6,918,1,1,1,1,1,1,1,1,1,1,1,1
B6,919,1,1,1,1,1,1,1,1,1,1,1,1
B6,920,1,1,1,1,1,1,1,1,1,1,1,1
B6,921,1,1,0,1,1,1,0,1,1,1,1,0
B6,922,1,1,1,1,0,1,1,1,1,0,0,0
B6,923,1,0,1,0,1,0,0,1,0,1,0,0
B6,924,0,1,1,1,0,0,1,1,1,1,0,1
B6,925,0,0,1,1,1,1,1,0,0,1,0,0
B6,926,1,0,1,1,0,1,1,1,1,1,1,1
B6,927,1,1,1,1,1,1,1,1,1,1,1,1
B6,928,0,1,1,0,1,0,1,0,1,0,1,0
B6,929,0,1,1,1,1,1,1,1,0,1,1,0
B6,930,1,1,1,1,1,1,1,0,1,1,1,1
B6,931,1,1,1,1,0,1,1,0,0,1,0,0
B6,932,1,1,1,1,1,1,1,1,1,1,1,1
B6,933,1,0,0,0,1,0,0,0,0,0,1,1
B6,934,1,1,1,1,1,1,1,0,1,1,0,1
B6,935,1,1,1,1,1,0,1,0,1,0,1,0
B6,936,1,1,1,1,1,1,1,1,0,0,1,0
B6,937,1,1,1,1,1,1,1,1,0,0,1,0
B6,938,1,0,0,1,0,1,0,1,0,0,0,0
B6,939,0,0,0,0,0,0,1,0,0,0,0,1
B6,940,1,1,1,1,1,1,1,1,1,1,1,1
B6,941,1,1,1,1,1,1,1,1,1,0,0,1
B6,942,1,1,1,1,1,1,1,1,1,1,1,1
B6,943,0,0,0,1,0,0,1,0,1,0,0,0
B6,944,1,1,1,1,0,1,1,1,0,1,1,0
B6,945,1,1,1,1,0,1,1,0,1,1,0,0
B6,946,1,1,1,0,1,1,1,1,0,1,0,1
B6,947,1,1,1,1,1,1,1,1,1,1,1,1
B6,948,0,1,1,1,1,1,0,1,1,0,0,1
B6,949,1,0,1,1,1,1,1,1,1,1,0,1
B6,950,1,1,1,1,1,1,0,1,0,1,1,1
B6,951,1,1,1,1,1,1,1,1,1,0,1,1
B6,952,1,0,1,1,1,1,0,1,1,0,0,1
B6,953,0,0,1,1,1,1,0,1,1,1,0,1
B6,954,0,1,1,1,0,1,1,1,0,1,0,0
B6,955,1,1,1,1,1,1,1,1,1,1,1,1
B6,956,1,0,0,1,1,0,0,1,0,0,0,1
B6,957,1,1,0,1,1,0,1,0,0,1,1,0
B6,958,1,0,1,1,1,1,1,1,1,0,1,1
B6,959,1,1,1,1,1,1,0,1,1,1,1,1
B6,960,1,1,1,1,1,1,1,1,0,1,1,1
B6,961,0,0,1,1,1,0,0,0,1,0,0,0
B6,962,1,1,1,1,1,0,0,1,0,1,1,0
B6,963,0,0,0,0,0,0,0,0,0,0,0,0
B6,964,0,0,1,1,0,1,0,1,0,1,0,1
B6,965,0,1,0,0,1,0,1,1,0,0,0,0
B6,966,1,1,1,1,1,1,0,1,0,0,1,0
B6,967,0,1,1,1,1,1,0,1,1,0,0,0
B6,968,1,1,1,1,1,1,1,1,1,1,1,0
B6,969,1,1,0,1,1,0,0,0,0,0,1,0
B6,970,0,0,0,0,1,0,1,1,1,0,1,0
B6,971,1,0,1,0,0,1,1,1,1,1,0,1
B6,972,1,1,1,1,1,1,0,0,1,1,0,1
B6,973,1,1,1,1,1,1,1,1,1,1,1,0
B6,974,0,1,0,1,1,0,1,0,0,0,0,0
B6,975,0,1,1,1,1,1,1,1,0,1,0,0
B6,976,1,1,1,1,1,1,1,1,0,0,1,1
B6,977,1,1,1,1,1,1,1,1,1,1,1,1
B6,978,1,1,1,1,0,1,1,1,0,1,1,1
B6,979,0,1,1,1,1,1,1,0,1,0,0,1
B6,980,1,1,1,1,1,1,1,1,0,1,0,0
B6,981,1,1,1,1,1,1,1,1,1,1,1,1
B6,982,0,1,1,1,1,1,1,1,1,1,1,0
B6,983,1,1,1,1,1,1,0,0,1,0,1,1
B6,984,1,1,1,1,1,1,1,1,1,1,1,1
B6,985,1,0,1,0,1,1,0,1,1,1,1,0
B6,986,1,1,1,1,1,1,1,1,1,1,1,0
B6,987,1,1,1,1,1,0,0,1,0,1,0,1
B6,988,1,0,0,1,1,0,1,1,0,0,0,0
B6,989,1,1,1,1,1,0,1,1,1,1,1,0
B6,990,0,0,0,0,1,0,0,0,1,0,1,1
B6,991,1,1,1,0,0,1,1,1,1,1,0,0
B6,992,1,0,1,1,1,1,1,1,1,1,1,0
B6,993,1,1,1,1,1,0,0,0,1,1,1,0
B6,994,1,1,1,1,1,1,0,0,1,1,0,0
B6,995,1,1,1,1,0,1,1,1,1,1,1,1
B6,996,0,1,1,1,1,1,0,0,0,0,1,1
B6,997,1,1,1,1,1,1,1,1,1,1,1,1
B6,998,1,1,1,0,1,0,0,0,0,1,0,0
B6,999,1,1,1,1,0,1,1,0,0,0,1,0
